"location","source","target","id","fuzzy","context","translator_comments","developer_comments"
"Scripts/Content/Story/Dialoge/PC/DIA_PC_Elena.d:14","Привет, Лен!","","","False","dia_elena_mr_hello_till.description","",""
"Scripts/Content/Story/Dialoge/PC/DIA_PC_Elena.d:24","Привет, Лен!","","","False","dia_elena_mr_hello_till_14_00","",""
"Scripts/Content/Story/Dialoge/PC/DIA_PC_Elena.d:25","Привет, Тилл! А ты вырос.","","","False","dia_elena_mr_hello_till_16_01","",""
"Scripts/Content/Story/Dialoge/PC/DIA_PC_Elena.d:26","Ты тоже грибы собираешь?","","","False","dia_elena_mr_hello_till_14_02","",""
"Scripts/Content/Story/Dialoge/PC/DIA_PC_Elena.d:27","Ага.","","","False","dia_elena_mr_hello_till_16_03","",""
"Scripts/Content/Story/Dialoge/PC/DIA_PC_Elena.d:35","Ты участвуешь в грибном конкурсе?","","","False","dia_elena_mr_hello.description","",""
"Scripts/Content/Story/Dialoge/PC/DIA_PC_Elena.d:46","Ты участвуешь в грибном конкурсе?","","","False","dia_elena_mr_hello_03_00","",""
"Scripts/Content/Story/Dialoge/PC/DIA_PC_Elena.d:48","Ты участвуешь в грибном конкурсе?","","","False","dia_elena_mr_hello_07_00","",""
"Scripts/Content/Story/Dialoge/PC/DIA_PC_Elena.d:50","Ты участвуешь в грибном конкурсе?","","","False","dia_elena_mr_hello_10_00","",""
"Scripts/Content/Story/Dialoge/PC/DIA_PC_Elena.d:52","Ты участвуешь в грибном конкурсе?","","","False","dia_elena_mr_hello_16_00","",""
"Scripts/Content/Story/Dialoge/PC/DIA_PC_Elena.d:54","Да. Я неплохо знаю лес вокруг нашей фермы.","","","False","dia_elena_mr_hello_16_01","",""
"Scripts/Content/Story/Dialoge/PC/DIA_PC_Elena.d:56","Ты же дочь землевладельца Онара?","","","False","dia_elena_mr_hello_03_02","",""
"Scripts/Content/Story/Dialoge/PC/DIA_PC_Elena.d:58","Ты же дочь землевладельца Онара?","","","False","dia_elena_mr_hello_07_02","",""
"Scripts/Content/Story/Dialoge/PC/DIA_PC_Elena.d:60","Ты же дочь землевладельца Онара?","","","False","dia_elena_mr_hello_10_02","",""
"Scripts/Content/Story/Dialoge/PC/DIA_PC_Elena.d:62","Ты же дочь землевладельца Онара?","","","False","dia_elena_mr_hello_16_02","",""
"Scripts/Content/Story/Dialoge/PC/DIA_PC_Elena.d:64","Верно.","","","False","dia_elena_mr_hello_16_03","",""
"Scripts/Content/Story/Dialoge/PC/DIA_PC_Elena.d:72","Есть для меня совет?","","","False","dia_elena_advice.description","",""
"Scripts/Content/Story/Dialoge/PC/DIA_PC_Elena.d:78","Есть для меня совет?","","","False","dia_elena_advice_03_00","",""
"Scripts/Content/Story/Dialoge/PC/DIA_PC_Elena.d:80","Есть для меня совет?","","","False","dia_elena_advice_07_00","",""
"Scripts/Content/Story/Dialoge/PC/DIA_PC_Elena.d:82","Есть для меня совет?","","","False","dia_elena_advice_10_00","",""
"Scripts/Content/Story/Dialoge/PC/DIA_PC_Elena.d:84","Есть для меня совет?","","","False","dia_elena_advice_14_00","",""
"Scripts/Content/Story/Dialoge/PC/DIA_PC_Elena.d:86","Есть для меня совет?","","","False","dia_elena_advice_16_00","",""
"Scripts/Content/Story/Dialoge/PC/DIA_PC_Elena.d:88","Внимательно смотри в траве и под деревьями. Грибы обычно не растут посреди дороги.","","","False","dia_elena_advice_16_01","",""
"Scripts/Content/Story/Dialoge/PC/DIA_PC_Elena.d:96","Продашь мне свои грибы?","","","False","dia_elena_pretrade.description","",""
"Scripts/Content/Story/Dialoge/PC/DIA_PC_Elena.d:101","Продашь мне свои грибы?","","","False","dia_elena_pretrade_03_00","",""
"Scripts/Content/Story/Dialoge/PC/DIA_PC_Elena.d:103","Продашь мне свои грибы?","","","False","dia_elena_pretrade_07_00","",""
"Scripts/Content/Story/Dialoge/PC/DIA_PC_Elena.d:105","Продашь мне свои грибы?","","","False","dia_elena_pretrade_10_00","",""
"Scripts/Content/Story/Dialoge/PC/DIA_PC_Elena.d:107","Продашь мне свои грибы?","","","False","dia_elena_pretrade_14_00","",""
"Scripts/Content/Story/Dialoge/PC/DIA_PC_Elena.d:109","Продашь мне свои грибы?","","","False","dia_elena_pretrade_16_00","",""
"Scripts/Content/Story/Dialoge/PC/DIA_PC_Elena.d:111","Нет. Это будет нечестно.","","","False","dia_elena_pretrade_16_01","",""
"Scripts/Content/Story/Dialoge/PC/DIA_PC_Elena.d:132","Тебе удалось обойти меня в конкурсе!","","","False","dia_elena_after_herowon_16_01","",""
"Scripts/Content/Story/Dialoge/PC/DIA_PC_Elena.d:137","И не только тебе.","","","False","dia_elena_after_herowon_16_02","",""
"Scripts/Content/Story/Dialoge/PC/DIA_PC_Elena.d:139","А я-то думала, что лучше всех знаю грибные местечки в наших лесах.","","","False","dia_elena_after_herowon_16_03","",""
"Scripts/Content/Story/Dialoge/PC/DIA_PC_Elena.d:141","Не хочешь меня поздравить?","","","False","dia_elena_after_herowon_03_04","",""
"Scripts/Content/Story/Dialoge/PC/DIA_PC_Elena.d:143","Не хочешь меня поздравить?","","","False","dia_elena_after_herowon_07_04","",""
"Scripts/Content/Story/Dialoge/PC/DIA_PC_Elena.d:145","Не хочешь меня поздравить?","","","False","dia_elena_after_herowon_10_04","",""
"Scripts/Content/Story/Dialoge/PC/DIA_PC_Elena.d:147","Не хочешь меня поздравить?","","","False","dia_elena_after_herowon_14_04","",""
"Scripts/Content/Story/Dialoge/PC/DIA_PC_Elena.d:149","Не хочешь меня поздравить?","","","False","dia_elena_after_herowon_16_04","",""
"Scripts/Content/Story/Dialoge/PC/DIA_PC_Elena.d:151","Ладно уж, поздравляю.","","","False","dia_elena_after_herowon_16_05","",""
"Scripts/Content/Story/Dialoge/PC/DIA_PC_Elena.d:159","Это ты победила в конкурсе?","","","False","dia_elena_after_won.description","",""
"Scripts/Content/Story/Dialoge/PC/DIA_PC_Elena.d:173","Это ты победила в конкурсе?","","","False","dia_elena_after_won_03_00","",""
"Scripts/Content/Story/Dialoge/PC/DIA_PC_Elena.d:175","Это ты победила в конкурсе?","","","False","dia_elena_after_won_07_00","",""
"Scripts/Content/Story/Dialoge/PC/DIA_PC_Elena.d:177","Это ты победила в конкурсе?","","","False","dia_elena_after_won_10_00","",""
"Scripts/Content/Story/Dialoge/PC/DIA_PC_Elena.d:179","Это ты победила в конкурсе?","","","False","dia_elena_after_won_14_00","",""
"Scripts/Content/Story/Dialoge/PC/DIA_PC_Elena.d:181","Это ты победила в конкурсе?","","","False","dia_elena_after_won_16_00","",""
"Scripts/Content/Story/Dialoge/PC/DIA_PC_Elena.d:183","Да. Я часто хожу за грибами и отлично знаю окрестные леса.","","","False","dia_elena_after_won_16_01","",""
"Scripts/Content/Story/Dialoge/PC/DIA_PC_Elena.d:185","Да ладно, тебе просто повезло.","","","False","dia_elena_after_won.dia_elena_after_won_tease","Info_AddChoice",""
"Scripts/Content/Story/Dialoge/PC/DIA_PC_Elena.d:186","Тогда поздравляю с заслуженной победой!","","","False","dia_elena_after_won.dia_elena_after_won_cheer","Info_AddChoice",""
"Scripts/Content/Story/Dialoge/PC/DIA_PC_Elena.d:191","Тогда поздравляю с заслуженной победой!","","","False","dia_elena_after_won_cheer_03_00","",""
"Scripts/Content/Story/Dialoge/PC/DIA_PC_Elena.d:193","Тогда поздравляю с заслуженной победой!","","","False","dia_elena_after_won_cheer_07_00","",""
"Scripts/Content/Story/Dialoge/PC/DIA_PC_Elena.d:195","Тогда поздравляю с заслуженной победой!","","","False","dia_elena_after_won_cheer_10_00","",""
"Scripts/Content/Story/Dialoge/PC/DIA_PC_Elena.d:197","(кисло) Тогда поздравляю с победой!","","","False","dia_elena_after_won_cheer_14_00","",""
"Scripts/Content/Story/Dialoge/PC/DIA_PC_Elena.d:199","Тогда поздравляю с заслуженной победой!","","","False","dia_elena_after_won_cheer_16_00","",""
"Scripts/Content/Story/Dialoge/PC/DIA_PC_Elena.d:201","Спасибо!","","","False","dia_elena_after_won_cheer_16_01","",""
"Scripts/Content/Story/Dialoge/PC/DIA_PC_Elena.d:207","Да ладно, тебе просто повезло.","","","False","dia_elena_after_won_tease_03_00","",""
"Scripts/Content/Story/Dialoge/PC/DIA_PC_Elena.d:209","Да ладно, тебе просто повезло.","","","False","dia_elena_after_won_tease_07_00","",""
"Scripts/Content/Story/Dialoge/PC/DIA_PC_Elena.d:211","Да ладно, тебе просто повезло.","","","False","dia_elena_after_won_tease_10_00","",""
"Scripts/Content/Story/Dialoge/PC/DIA_PC_Elena.d:213","Да ладно, тебе просто повезло.","","","False","dia_elena_after_won_tease_14_00","",""
"Scripts/Content/Story/Dialoge/PC/DIA_PC_Elena.d:215","Да ладно, тебе просто повезло.","","","False","dia_elena_after_won_tease_16_00","",""
"Scripts/Content/Story/Dialoge/PC/DIA_PC_Elena.d:217","Думай, что хочешь.","","","False","dia_elena_after_won_tease_16_01","",""
"Scripts/Content/Story/Dialoge/PC/DIA_PC_Elena.d:227","Чем теперь будешь заниматься?","","","False","dia_elena_after_perm.description","",""
"Scripts/Content/Story/Dialoge/PC/DIA_PC_Elena.d:240","Чем теперь будешь заниматься?","","","False","dia_elena_after_perm_03_00","",""
"Scripts/Content/Story/Dialoge/PC/DIA_PC_Elena.d:242","Чем теперь будешь заниматься?","","","False","dia_elena_after_perm_07_00","",""
"Scripts/Content/Story/Dialoge/PC/DIA_PC_Elena.d:244","Чем теперь будешь заниматься?","","","False","dia_elena_after_perm_10_00","",""
"Scripts/Content/Story/Dialoge/PC/DIA_PC_Elena.d:246","Чем теперь будешь заниматься?","","","False","dia_elena_after_perm_14_00","",""
"Scripts/Content/Story/Dialoge/PC/DIA_PC_Elena.d:248","Чем теперь будешь заниматься?","","","False","dia_elena_after_perm_16_00","",""
"Scripts/Content/Story/Dialoge/PC/DIA_PC_Elena.d:250","Да уж без дела не останусь. На ферме всегда полно работы.","","","False","dia_elena_after_perm_16_01","",""
"Scripts/Content/Story/Dialoge/PC/DIA_PC_Erol.d:15","Ты тоже участвуешь в конкурсе Константино?","","","False","dia_erol_mr_hello.description","",""
"Scripts/Content/Story/Dialoge/PC/DIA_PC_Erol.d:20","Ты тоже участвуешь в конкурсе Константино?","","","False","dia_erol_mr_hello_03_00","",""
"Scripts/Content/Story/Dialoge/PC/DIA_PC_Erol.d:22","Ты тоже участвуешь в конкурсе Константино?","","","False","dia_erol_mr_hello_07_00","",""
"Scripts/Content/Story/Dialoge/PC/DIA_PC_Erol.d:24","Ты тоже участвуешь в конкурсе Константино?","","","False","dia_erol_mr_hello_14_00","",""
"Scripts/Content/Story/Dialoge/PC/DIA_PC_Erol.d:26","Ты тоже участвуешь в конкурсе Константино?","","","False","dia_erol_mr_hello_16_00","",""
"Scripts/Content/Story/Dialoge/PC/DIA_PC_Erol.d:28","Да. Я много путешествую по острову и хорошо его знаю.","","","False","dia_erol_mr_hello_10_01","",""
"Scripts/Content/Story/Dialoge/PC/DIA_PC_Erol.d:36","Есть для меня совет?","","","False","dia_erol_advice.description","",""
"Scripts/Content/Story/Dialoge/PC/DIA_PC_Erol.d:42","Есть для меня совет?","","","False","dia_erol_advice_03_00","",""
"Scripts/Content/Story/Dialoge/PC/DIA_PC_Erol.d:44","Есть для меня совет?","","","False","dia_erol_advice_07_00","",""
"Scripts/Content/Story/Dialoge/PC/DIA_PC_Erol.d:46","Есть для меня совет?","","","False","dia_erol_advice_14_00","",""
"Scripts/Content/Story/Dialoge/PC/DIA_PC_Erol.d:48","Есть для меня совет?","","","False","dia_erol_advice_16_00","",""
"Scripts/Content/Story/Dialoge/PC/DIA_PC_Erol.d:50","Не ходи в лес без оружия, не суйся в незнакомые пещеры.","","","False","dia_erol_advice_10_01","",""
"Scripts/Content/Story/Dialoge/PC/DIA_PC_Erol.d:51","А если ты про грибы - просто будь внимательнее. Они могут вырастать в любой ложбинке, на любом пне.","","","False","dia_erol_advice_10_02","",""
"Scripts/Content/Story/Dialoge/PC/DIA_PC_Erol.d:52","Некоторые грибы хорошо видно, а другие маскируются под траву и камни.","","","False","dia_erol_advice_10_03","",""
"Scripts/Content/Story/Dialoge/PC/DIA_PC_Erol.d:60","Продашь мне свои грибы?","","","False","dia_erol_pretrade.description","",""
"Scripts/Content/Story/Dialoge/PC/DIA_PC_Erol.d:65","Продашь мне свои грибы?","","","False","dia_erol_pretrade_03_00","",""
"Scripts/Content/Story/Dialoge/PC/DIA_PC_Erol.d:67","Продашь мне свои грибы?","","","False","dia_erol_pretrade_07_00","",""
"Scripts/Content/Story/Dialoge/PC/DIA_PC_Erol.d:69","Продашь мне свои грибы?","","","False","dia_erol_pretrade_14_00","",""
"Scripts/Content/Story/Dialoge/PC/DIA_PC_Erol.d:71","Продашь мне свои грибы?","","","False","dia_erol_pretrade_16_00","",""
"Scripts/Content/Story/Dialoge/PC/DIA_PC_Erol.d:73","С чего вдруг?","","","False","dia_erol_pretrade_10_01","",""
"Scripts/Content/Story/Dialoge/PC/DIA_PC_Erol.d:94","Ну и ну! Победитель грибного конкурса, собственной персоной.","","","False","dia_erol_after_herowon_10_01","",""
"Scripts/Content/Story/Dialoge/PC/DIA_PC_Erol.d:95","Мои искренние поздравления.","","","False","dia_erol_after_herowon_10_02","",""
"Scripts/Content/Story/Dialoge/PC/DIA_PC_Erol.d:103","Поздравляю с победой в конкурсе.","","","False","dia_erol_after_won.description","",""
"Scripts/Content/Story/Dialoge/PC/DIA_PC_Erol.d:117","Поздравляю с победой в конкурсе.","","","False","dia_erol_after_won_03_00","",""
"Scripts/Content/Story/Dialoge/PC/DIA_PC_Erol.d:119","Поздравляю с победой в конкурсе.","","","False","dia_erol_after_won_07_00","",""
"Scripts/Content/Story/Dialoge/PC/DIA_PC_Erol.d:121","Поздравляю с победой в конкурсе.","","","False","dia_erol_after_won_14_00","",""
"Scripts/Content/Story/Dialoge/PC/DIA_PC_Erol.d:123","Поздравляю с победой в конкурсе.","","","False","dia_erol_after_won_16_00","",""
"Scripts/Content/Story/Dialoge/PC/DIA_PC_Erol.d:125","Благодарю. Небось не ожидали от старика такой прыти?","","","False","dia_erol_after_won_10_01","",""
"Scripts/Content/Story/Dialoge/PC/DIA_PC_Erol.d:128","Нет, я сразу понял, кто главный претендент.","","","False","dia_erol_after_won.dia_erol_after_won_no","Info_AddChoice",""
"Scripts/Content/Story/Dialoge/PC/DIA_PC_Erol.d:133","Да, это было сюрпризом.","","","False","dia_erol_after_won.dia_erol_after_won_yes","Info_AddChoice",""
"Scripts/Content/Story/Dialoge/PC/DIA_PC_Erol.d:138","Да, это было сюрпризом.","","","False","dia_erol_after_won_yes_03_00","",""
"Scripts/Content/Story/Dialoge/PC/DIA_PC_Erol.d:140","Да, это было сюрпризом.","","","False","dia_erol_after_won_yes_07_00","",""
"Scripts/Content/Story/Dialoge/PC/DIA_PC_Erol.d:142","Да, это было сюрпризом.","","","False","dia_erol_after_won_yes_14_00","",""
"Scripts/Content/Story/Dialoge/PC/DIA_PC_Erol.d:144","Да, это было сюрпризом.","","","False","dia_erol_after_won_yes_16_00","",""
"Scripts/Content/Story/Dialoge/PC/DIA_PC_Erol.d:151","Нет, я сразу понял, кто главный претендент.","","","False","dia_erol_after_won_no_03_00","",""
"Scripts/Content/Story/Dialoge/PC/DIA_PC_Erol.d:153","Нет, я сразу понял, кто главный претендент.","","","False","dia_erol_after_won_no_07_00","",""
"Scripts/Content/Story/Dialoge/PC/DIA_PC_Erol.d:155","Нет, я сразу понял, кто главный претендент.","","","False","dia_erol_after_won_no_14_00","",""
"Scripts/Content/Story/Dialoge/PC/DIA_PC_Erol.d:157","Нет, я сразу поняла, кто главный претендент.","","","False","dia_erol_after_won_no_16_00","",""
"Scripts/Content/Story/Dialoge/PC/DIA_PC_Erol.d:169","Чем теперь займешься?","","","False","dia_erol_after_perm.description","",""
"Scripts/Content/Story/Dialoge/PC/DIA_PC_Erol.d:182","Чем теперь займешься?","","","False","dia_erol_after_perm_03_00","",""
"Scripts/Content/Story/Dialoge/PC/DIA_PC_Erol.d:184","Чем теперь займешься?","","","False","dia_erol_after_perm_07_00","",""
"Scripts/Content/Story/Dialoge/PC/DIA_PC_Erol.d:186","Чем теперь займешься?","","","False","dia_erol_after_perm_14_00","",""
"Scripts/Content/Story/Dialoge/PC/DIA_PC_Erol.d:188","Чем теперь займешься?","","","False","dia_erol_after_perm_16_00","",""
"Scripts/Content/Story/Dialoge/PC/DIA_PC_Erol.d:190","Сейчас мне нужно закончить заказ Мага Воды Ватраса. Я собираю для него разные древности.","","","False","dia_erol_after_perm_10_01","",""
"Scripts/Content/Story/Dialoge/PC/DIA_PC_Odo.d:14","Ты участвуешь в сборе грибов для Константино?","","","False","dia_odo_mr_hello.description","",""
"Scripts/Content/Story/Dialoge/PC/DIA_PC_Odo.d:19","Ты участвуешь в сборе грибов для Константино?","","","False","dia_odo_mr_hello_03_00","",""
"Scripts/Content/Story/Dialoge/PC/DIA_PC_Odo.d:21","Ты участвуешь в сборе грибов для Константино?","","","False","dia_odo_mr_hello_07_00","",""
"Scripts/Content/Story/Dialoge/PC/DIA_PC_Odo.d:23","Ты участвуешь в сборе грибов для Константино?","","","False","dia_odo_mr_hello_10_00","",""
"Scripts/Content/Story/Dialoge/PC/DIA_PC_Odo.d:25","Ты участвуешь в сборе грибов для Константино?","","","False","dia_odo_mr_hello_14_00","",""
"Scripts/Content/Story/Dialoge/PC/DIA_PC_Odo.d:27","Ты участвуешь в сборе грибов для Константино?","","","False","dia_odo_mr_hello_16_00","",""
"Scripts/Content/Story/Dialoge/PC/DIA_PC_Odo.d:29","Меня отправили на сбор целебных трав для Монастыря.","","","False","dia_odo_mr_hello_03_01","",""
"Scripts/Content/Story/Dialoge/PC/DIA_PC_Odo.d:30","Попутно я собираю и грибы.","","","False","dia_odo_mr_hello_03_02","",""
"Scripts/Content/Story/Dialoge/PC/DIA_PC_Odo.d:31","Кстати, у тебя случайно нет царского щавеля?","","","False","dia_odo_mr_hello_03_03","",""
"Scripts/Content/Story/Dialoge/PC/DIA_PC_Odo.d:33","Нет.","","","False","dia_odo_mr_hello.dia_odo_mr_hello_no","Info_AddChoice",""
"Scripts/Content/Story/Dialoge/PC/DIA_PC_Odo.d:35","Есть.","","","False","dia_odo_mr_hello.dia_odo_mr_hello_yes","Info_AddChoice",""
"Scripts/Content/Story/Dialoge/PC/DIA_PC_Odo.d:41","Нет.","","","False","dia_odo_mr_hello_no_03_00","",""
"Scripts/Content/Story/Dialoge/PC/DIA_PC_Odo.d:43","Нет.","","","False","dia_odo_mr_hello_no_07_00","",""
"Scripts/Content/Story/Dialoge/PC/DIA_PC_Odo.d:45","Нет.","","","False","dia_odo_mr_hello_no_10_00","",""
"Scripts/Content/Story/Dialoge/PC/DIA_PC_Odo.d:47","Нет.","","","False","dia_odo_mr_hello_no_14_00","",""
"Scripts/Content/Story/Dialoge/PC/DIA_PC_Odo.d:49","Нет.","","","False","dia_odo_mr_hello_no_16_00","",""
"Scripts/Content/Story/Dialoge/PC/DIA_PC_Odo.d:56","Есть.","","","False","dia_odo_mr_hello_yes_03_00","",""
"Scripts/Content/Story/Dialoge/PC/DIA_PC_Odo.d:58","Есть.","","","False","dia_odo_mr_hello_yes_07_00","",""
"Scripts/Content/Story/Dialoge/PC/DIA_PC_Odo.d:60","Есть.","","","False","dia_odo_mr_hello_yes_10_00","",""
"Scripts/Content/Story/Dialoge/PC/DIA_PC_Odo.d:62","Есть.","","","False","dia_odo_mr_hello_yes_14_00","",""
"Scripts/Content/Story/Dialoge/PC/DIA_PC_Odo.d:64","Есть.","","","False","dia_odo_mr_hello_yes_16_00","",""
"Scripts/Content/Story/Dialoge/PC/DIA_PC_Odo.d:66","Может, отдашь его мне? Без знания алхимии он тебе все равно ни к чему.","","","False","dia_odo_mr_hello_yes_03_01","",""
"Scripts/Content/Story/Dialoge/PC/DIA_PC_Odo.d:68","Не отдам.","","","False","dia_odo_mr_hello.dia_odo_mr_hello_dontgive","Info_AddChoice",""
"Scripts/Content/Story/Dialoge/PC/DIA_PC_Odo.d:69","500 золотых.","","","False","dia_odo_mr_hello.dia_odo_mr_hello_gold","Info_AddChoice",""
"Scripts/Content/Story/Dialoge/PC/DIA_PC_Odo.d:70","Держи.","","","False","dia_odo_mr_hello.dia_odo_mr_hello_free","Info_AddChoice",""
"Scripts/Content/Story/Dialoge/PC/DIA_PC_Odo.d:75","Держи.","","","False","dia_odo_mr_hello_free_03_00","",""
"Scripts/Content/Story/Dialoge/PC/DIA_PC_Odo.d:77","Держи.","","","False","dia_odo_mr_hello_free_07_00","",""
"Scripts/Content/Story/Dialoge/PC/DIA_PC_Odo.d:79","Держи.","","","False","dia_odo_mr_hello_free_10_00","",""
"Scripts/Content/Story/Dialoge/PC/DIA_PC_Odo.d:81","Держи.","","","False","dia_odo_mr_hello_free_14_00","",""
"Scripts/Content/Story/Dialoge/PC/DIA_PC_Odo.d:83","Держи.","","","False","dia_odo_mr_hello_free_16_00","",""
"Scripts/Content/Story/Dialoge/PC/DIA_PC_Odo.d:86","Огромное тебе спасибо! В это время года его так трудно найти.","","","False","dia_odo_mr_hello_free_03_01","",""
"Scripts/Content/Story/Dialoge/PC/DIA_PC_Odo.d:94","500 золотых.","","","False","dia_odo_mr_hello_gold_03_00","",""
"Scripts/Content/Story/Dialoge/PC/DIA_PC_Odo.d:96","500 золотых.","","","False","dia_odo_mr_hello_gold_07_00","",""
"Scripts/Content/Story/Dialoge/PC/DIA_PC_Odo.d:98","500 золотых.","","","False","dia_odo_mr_hello_gold_10_00","",""
"Scripts/Content/Story/Dialoge/PC/DIA_PC_Odo.d:100","Я хочу 500 золотых.","","","False","dia_odo_mr_hello_gold_14_00","",""
"Scripts/Content/Story/Dialoge/PC/DIA_PC_Odo.d:102","500 золотых.","","","False","dia_odo_mr_hello_gold_16_00","",""
"Scripts/Content/Story/Dialoge/PC/DIA_PC_Odo.d:105","Ну хорошо. Мне очень он нужен.","","","False","dia_odo_mr_hello_gold_03_01","",""
"Scripts/Content/Story/Dialoge/PC/DIA_PC_Odo.d:110","У меня нет таких денег.","","","False","dia_odo_mr_hello_gold_03_02","",""
"Scripts/Content/Story/Dialoge/PC/DIA_PC_Odo.d:117","Не отдам.","","","False","dia_odo_mr_hello_dontgive_03_00","",""
"Scripts/Content/Story/Dialoge/PC/DIA_PC_Odo.d:119","Не отдам.","","","False","dia_odo_mr_hello_dontgive_07_00","",""
"Scripts/Content/Story/Dialoge/PC/DIA_PC_Odo.d:121","Не отдам.","","","False","dia_odo_mr_hello_dontgive_10_00","",""
"Scripts/Content/Story/Dialoge/PC/DIA_PC_Odo.d:123","Не отдам.","","","False","dia_odo_mr_hello_dontgive_14_00","",""
"Scripts/Content/Story/Dialoge/PC/DIA_PC_Odo.d:125","Не отдам.","","","False","dia_odo_mr_hello_dontgive_16_00","",""
"Scripts/Content/Story/Dialoge/PC/DIA_PC_Odo.d:135","Ты послушник?","","","False","dia_odo_novice.description","",""
"Scripts/Content/Story/Dialoge/PC/DIA_PC_Odo.d:140","Ты послушник?","","","False","dia_odo_novice_03_00","",""
"Scripts/Content/Story/Dialoge/PC/DIA_PC_Odo.d:142","Ты послушник?","","","False","dia_odo_novice_07_00","",""
"Scripts/Content/Story/Dialoge/PC/DIA_PC_Odo.d:144","Ты послушник?","","","False","dia_odo_novice_10_00","",""
"Scripts/Content/Story/Dialoge/PC/DIA_PC_Odo.d:146","Ты послушник?","","","False","dia_odo_novice_14_00","",""
"Scripts/Content/Story/Dialoge/PC/DIA_PC_Odo.d:148","Ты послушник?","","","False","dia_odo_novice_16_00","",""
"Scripts/Content/Story/Dialoge/PC/DIA_PC_Odo.d:150","Да, разве это не очевидно?","","","False","dia_odo_novice_03_01","",""
"Scripts/Content/Story/Dialoge/PC/DIA_PC_Odo.d:158","Трудно жить в Монастыре?","","","False","dia_odo_monastery.description","",""
"Scripts/Content/Story/Dialoge/PC/DIA_PC_Odo.d:170","Трудно жить в Монастыре?","","","False","dia_odo_monastery_03_00","",""
"Scripts/Content/Story/Dialoge/PC/DIA_PC_Odo.d:172","Трудно жить в Монастыре?","","","False","dia_odo_monastery_07_00","",""
"Scripts/Content/Story/Dialoge/PC/DIA_PC_Odo.d:174","Трудно жить в Монастыре?","","","False","dia_odo_monastery_10_00","",""
"Scripts/Content/Story/Dialoge/PC/DIA_PC_Odo.d:176","Трудно жить в Монастыре?","","","False","dia_odo_monastery_14_00","",""
"Scripts/Content/Story/Dialoge/PC/DIA_PC_Odo.d:178","Трудно жить в Монастыре?","","","False","dia_odo_monastery_16_00","",""
"Scripts/Content/Story/Dialoge/PC/DIA_PC_Odo.d:180","Непросто, но мы все стремимся к чему-то большему.","","","False","dia_odo_monastery_03_01","",""
"Scripts/Content/Story/Dialoge/PC/DIA_PC_Odo.d:181","С поддержкой Инноса, это придает нам сил.","","","False","dia_odo_monastery_03_02","",""
"Scripts/Content/Story/Dialoge/PC/DIA_PC_Odo.d:189","Продай мне свои грибы.","","","False","dia_odo_pretrade.description","",""
"Scripts/Content/Story/Dialoge/PC/DIA_PC_Odo.d:194","Продай мне свои грибы.","","","False","dia_odo_pretrade_03_00","",""
"Scripts/Content/Story/Dialoge/PC/DIA_PC_Odo.d:196","Продай мне свои грибы.","","","False","dia_odo_pretrade_07_00","",""
"Scripts/Content/Story/Dialoge/PC/DIA_PC_Odo.d:198","Продай мне свои грибы.","","","False","dia_odo_pretrade_10_00","",""
"Scripts/Content/Story/Dialoge/PC/DIA_PC_Odo.d:200","Продай мне свои грибы.","","","False","dia_odo_pretrade_14_00","",""
"Scripts/Content/Story/Dialoge/PC/DIA_PC_Odo.d:202","Продай мне свои грибы.","","","False","dia_odo_pretrade_16_00","",""
"Scripts/Content/Story/Dialoge/PC/DIA_PC_Odo.d:204","Нет. Не хочу мухлевать.","","","False","dia_odo_pretrade_03_01","",""
"Scripts/Content/Story/Dialoge/PC/DIA_PC_Odo.d:226","(с уважением) Ты победил в конкурсе, насколько я знаю.","","","False","dia_odo_after_herowon_03_01m","",""
"Scripts/Content/Story/Dialoge/PC/DIA_PC_Odo.d:229","(с уважением) Ты победила в конкурсе, насколько я знаю.","","","False","dia_odo_after_herowon_03_01f","",""
"Scripts/Content/Story/Dialoge/PC/DIA_PC_Odo.d:231","Мои поздравления.","","","False","dia_odo_after_herowon_03_02","",""
"Scripts/Content/Story/Dialoge/PC/DIA_PC_Odo.d:239","Это ты послушник, который выиграл конкурс?","","","False","dia_odo_after_won.description","",""
"Scripts/Content/Story/Dialoge/PC/DIA_PC_Odo.d:253","Это ты послушник, который выиграл конкурс?","","","False","dia_odo_after_won_03_00","",""
"Scripts/Content/Story/Dialoge/PC/DIA_PC_Odo.d:255","Это ты послушник, который выиграл конкурс?","","","False","dia_odo_after_won_07_00","",""
"Scripts/Content/Story/Dialoge/PC/DIA_PC_Odo.d:257","Это ты послушник, который выиграл конкурс?","","","False","dia_odo_after_won_10_00","",""
"Scripts/Content/Story/Dialoge/PC/DIA_PC_Odo.d:259","Это ты послушник, который выиграл конкурс?","","","False","dia_odo_after_won_14_00","",""
"Scripts/Content/Story/Dialoge/PC/DIA_PC_Odo.d:261","Это ты послушник, который выиграл конкурс?","","","False","dia_odo_after_won_16_00","",""
"Scripts/Content/Story/Dialoge/PC/DIA_PC_Odo.d:263","(сдержанно) Да, это я.","","","False","dia_odo_after_won_10_01","",""
"Scripts/Content/Story/Dialoge/PC/DIA_PC_Odo.d:265","Тогда поздравляю!","","","False","dia_odo_after_won_03_02","",""
"Scripts/Content/Story/Dialoge/PC/DIA_PC_Odo.d:267","Тогда поздравляю!","","","False","dia_odo_after_won_07_02","",""
"Scripts/Content/Story/Dialoge/PC/DIA_PC_Odo.d:269","Тогда поздравляю!","","","False","dia_odo_after_won_10_02","",""
"Scripts/Content/Story/Dialoge/PC/DIA_PC_Odo.d:271","Тогда поздравляю!","","","False","dia_odo_after_won_14_02","",""
"Scripts/Content/Story/Dialoge/PC/DIA_PC_Odo.d:273","Тогда поздравляю!","","","False","dia_odo_after_won_16_02","",""
"Scripts/Content/Story/Dialoge/PC/DIA_PC_Odo.d:275","Спасибо.","","","False","dia_odo_after_won_10_03","",""
"Scripts/Content/Story/Dialoge/PC/DIA_PC_Odo.d:284","Что теперь будешь делать?","","","False","dia_odo_after_perm.description","",""
"Scripts/Content/Story/Dialoge/PC/DIA_PC_Odo.d:297","Что теперь будешь делать?","","","False","dia_odo_after_perm_03_00","",""
"Scripts/Content/Story/Dialoge/PC/DIA_PC_Odo.d:299","Что теперь будешь делать?","","","False","dia_odo_after_perm_07_00","",""
"Scripts/Content/Story/Dialoge/PC/DIA_PC_Odo.d:301","Что теперь будешь делать?","","","False","dia_odo_after_perm_10_00","",""
"Scripts/Content/Story/Dialoge/PC/DIA_PC_Odo.d:303","Что теперь будешь делать?","","","False","dia_odo_after_perm_14_00","",""
"Scripts/Content/Story/Dialoge/PC/DIA_PC_Odo.d:305","Что теперь будешь делать?","","","False","dia_odo_after_perm_16_00","",""
"Scripts/Content/Story/Dialoge/PC/DIA_PC_Odo.d:307","Я стал учеником нашего мастера-алхимика, Неораса. Теперь я буду изучать изготовление зелий под его руководством.","","","False","dia_odo_after_perm_10_01","",""
"Scripts/Content/Story/Dialoge/PC/DIA_PC_Odo.d:308","У других магов тоже найдется для меня работа.","","","False","dia_odo_after_perm_10_02","",""
"Scripts/Content/Story/Dialoge/PC/DIA_PC_Rupert.d:14","Ты тоже участвуешь в конкурсе грибов?","","","False","dia_rupert_mr_hello.description","",""
"Scripts/Content/Story/Dialoge/PC/DIA_PC_Rupert.d:19","Ты тоже участвуешь в конкурсе грибов?","","","False","dia_rupert_mr_hello_03_00","",""
"Scripts/Content/Story/Dialoge/PC/DIA_PC_Rupert.d:21","Ты тоже участвуешь в конкурсе грибов?","","","False","dia_rupert_mr_hello_07_00","",""
"Scripts/Content/Story/Dialoge/PC/DIA_PC_Rupert.d:23","Ты тоже участвуешь в конкурсе грибов?","","","False","dia_rupert_mr_hello_10_00","",""
"Scripts/Content/Story/Dialoge/PC/DIA_PC_Rupert.d:25","Ты тоже участвуешь в конкурсе грибов?","","","False","dia_rupert_mr_hello_14_00","",""
"Scripts/Content/Story/Dialoge/PC/DIA_PC_Rupert.d:27","Ты тоже участвуешь в конкурсе грибов?","","","False","dia_rupert_mr_hello_16_00","",""
"Scripts/Content/Story/Dialoge/PC/DIA_PC_Rupert.d:29","Да. Мне позарез нужны деньги.","","","False","dia_rupert_mr_hello_03_01","",""
"Scripts/Content/Story/Dialoge/PC/DIA_PC_Rupert.d:37","Может, поможешь хотя бы советом?","","","False","dia_rupert_advice.description","",""
"Scripts/Content/Story/Dialoge/PC/DIA_PC_Rupert.d:42","Может, поможешь хотя бы советом?","","","False","dia_rupert_advice_03_00","",""
"Scripts/Content/Story/Dialoge/PC/DIA_PC_Rupert.d:44","Может, поможешь хотя бы советом?","","","False","dia_rupert_advice_07_00","",""
"Scripts/Content/Story/Dialoge/PC/DIA_PC_Rupert.d:46","Может, поможешь хотя бы советом?","","","False","dia_rupert_advice_10_00","",""
"Scripts/Content/Story/Dialoge/PC/DIA_PC_Rupert.d:48","Может, поможешь хотя бы советом?","","","False","dia_rupert_advice_14_00","",""
"Scripts/Content/Story/Dialoge/PC/DIA_PC_Rupert.d:50","Может, поможешь хотя бы советом?","","","False","dia_rupert_advice_16_00","",""
"Scripts/Content/Story/Dialoge/PC/DIA_PC_Rupert.d:52","Ничем не могу помочь.","","","False","dia_rupert_advice_03_01","",""
"Scripts/Content/Story/Dialoge/PC/DIA_PC_Rupert.d:60","Говорят, ростовщик Лемар дает деньги в долг.","","","False","dia_rupert_debt.description","",""
"Scripts/Content/Story/Dialoge/PC/DIA_PC_Rupert.d:71","Говорят, ростовщик Лемар дает деньги в долг.","","","False","dia_rupert_debt_03_00","",""
"Scripts/Content/Story/Dialoge/PC/DIA_PC_Rupert.d:73","Говорят, ростовщик Лемар дает деньги в долг.","","","False","dia_rupert_debt_07_00","",""
"Scripts/Content/Story/Dialoge/PC/DIA_PC_Rupert.d:75","Говорят, ростовщик Лемар дает деньги в долг.","","","False","dia_rupert_debt_10_00","",""
"Scripts/Content/Story/Dialoge/PC/DIA_PC_Rupert.d:77","Говорят, ростовщик Лемар дает деньги в долг.","","","False","dia_rupert_debt_14_00","",""
"Scripts/Content/Story/Dialoge/PC/DIA_PC_Rupert.d:79","Говорят, ростовщик Лемар дает деньги в долг.","","","False","dia_rupert_debt_16_00","",""
"Scripts/Content/Story/Dialoge/PC/DIA_PC_Rupert.d:81","Ха, ему-то я и задолжал. Вот тебе мой совет - никогда не связывайся с ростовщиками!","","","False","dia_rupert_debt_03_01","",""
"Scripts/Content/Story/Dialoge/PC/DIA_PC_Rupert.d:89","Продай мне свои грибы.","","","False","dia_rupert_pretrade.description","",""
"Scripts/Content/Story/Dialoge/PC/DIA_PC_Rupert.d:94","Продай мне свои грибы.","","","False","dia_rupert_pretrade_03_00","",""
"Scripts/Content/Story/Dialoge/PC/DIA_PC_Rupert.d:96","Продай мне свои грибы.","","","False","dia_rupert_pretrade_07_00","",""
"Scripts/Content/Story/Dialoge/PC/DIA_PC_Rupert.d:98","Продай мне свои грибы.","","","False","dia_rupert_pretrade_10_00","",""
"Scripts/Content/Story/Dialoge/PC/DIA_PC_Rupert.d:100","Продай мне свои грибы.","","","False","dia_rupert_pretrade_14_00","",""
"Scripts/Content/Story/Dialoge/PC/DIA_PC_Rupert.d:102","Продай мне свои грибы.","","","False","dia_rupert_pretrade_16_00","",""
"Scripts/Content/Story/Dialoge/PC/DIA_PC_Rupert.d:104","Хм, ладно, но я хочу получить не меньше, чем у Константино.","","","False","dia_rupert_pretrade_03_01","",""
"Scripts/Content/Story/Dialoge/PC/DIA_PC_Rupert.d:133","(купить грибы)","","","False","dia_rupert_mrtrade.description","",""
"Scripts/Content/Story/Dialoge/PC/DIA_PC_Rupert.d:188","У меня сейчас больше нет грибов на продажу.","","","False","dia_rupert_mrtrade_no_03_01","",""
"Scripts/Content/Story/Dialoge/PC/DIA_PC_Rupert.d:200","1 шт.","","","False","dia_rupert_mrtrade.dia_rupert_mrtrade_cnt1","Info_AddChoice",""
"Scripts/Content/Story/Dialoge/PC/DIA_PC_Rupert.d:202","5 шт.","","","False","dia_rupert_mrtrade.dia_rupert_mrtrade_cnt5","Info_AddChoice",""
"Scripts/Content/Story/Dialoge/PC/DIA_PC_Rupert.d:217","Грибы - тебе, а золото - мне.","","","False","dia_rupert_mrtrade_03_01","",""
"Scripts/Content/Story/Dialoge/PC/DIA_PC_Rupert.d:221","Я продаю грибы только за золото.","","","False","dia_rupert_mrtrade_03_02","",""
"Scripts/Content/Story/Dialoge/PC/DIA_PC_Rupert.d:339","Это правда, что за победу Константино вручил тебе свою книженцию?","","","False","dia_rupert_after_herowon_03_01","",""
"Scripts/Content/Story/Dialoge/PC/DIA_PC_Rupert.d:341","Вранье.","","","False","dia_rupert_after_herowon.dia_rupert_after_herowon_false","Info_AddChoice",""
"Scripts/Content/Story/Dialoge/PC/DIA_PC_Rupert.d:342","Не книженцию, а отличную книгу!","","","False","dia_rupert_after_herowon.dia_rupert_after_herowon_goodbook","Info_AddChoice",""
"Scripts/Content/Story/Dialoge/PC/DIA_PC_Rupert.d:343","Правда.","","","False","dia_rupert_after_herowon.dia_rupert_after_herowon_true","Info_AddChoice",""
"Scripts/Content/Story/Dialoge/PC/DIA_PC_Rupert.d:348","Правда.","","","False","dia_rupert_after_herowon_true_03_00","",""
"Scripts/Content/Story/Dialoge/PC/DIA_PC_Rupert.d:350","Правда.","","","False","dia_rupert_after_herowon_true_07_00","",""
"Scripts/Content/Story/Dialoge/PC/DIA_PC_Rupert.d:352","Правда.","","","False","dia_rupert_after_herowon_true_10_00","",""
"Scripts/Content/Story/Dialoge/PC/DIA_PC_Rupert.d:354","Правда.","","","False","dia_rupert_after_herowon_true_14_00","",""
"Scripts/Content/Story/Dialoge/PC/DIA_PC_Rupert.d:356","Правда.","","","False","dia_rupert_after_herowon_true_16_00","",""
"Scripts/Content/Story/Dialoge/PC/DIA_PC_Rupert.d:358","Да, чего еще ждать от помешаного на грибах алхимика.","","","False","dia_rupert_after_herowon_true_10_01","",""
"Scripts/Content/Story/Dialoge/PC/DIA_PC_Rupert.d:364","Не книженцию, а отличную книгу!","","","False","dia_rupert_after_herowon_goodbook_03_00","",""
"Scripts/Content/Story/Dialoge/PC/DIA_PC_Rupert.d:366","Не книженцию, а отличную книгу!","","","False","dia_rupert_after_herowon_goodbook_07_00","",""
"Scripts/Content/Story/Dialoge/PC/DIA_PC_Rupert.d:368","Не книженцию, а отличную книгу!","","","False","dia_rupert_after_herowon_goodbook_10_00","",""
"Scripts/Content/Story/Dialoge/PC/DIA_PC_Rupert.d:370","Не книженцию, а отличную книгу!","","","False","dia_rupert_after_herowon_goodbook_14_00","",""
"Scripts/Content/Story/Dialoge/PC/DIA_PC_Rupert.d:372","Не книженцию, а отличную книгу!","","","False","dia_rupert_after_herowon_goodbook_16_00","",""
"Scripts/Content/Story/Dialoge/PC/DIA_PC_Rupert.d:374","Ну, тебе виднее.","","","False","dia_rupert_after_herowon_goodbook_10_01","",""
"Scripts/Content/Story/Dialoge/PC/DIA_PC_Rupert.d:380","Вранье.","","","False","dia_rupert_after_herowon_false_03_00","",""
"Scripts/Content/Story/Dialoge/PC/DIA_PC_Rupert.d:382","Вранье.","","","False","dia_rupert_after_herowon_false_07_00","",""
"Scripts/Content/Story/Dialoge/PC/DIA_PC_Rupert.d:384","Вранье.","","","False","dia_rupert_after_herowon_false_10_00","",""
"Scripts/Content/Story/Dialoge/PC/DIA_PC_Rupert.d:386","Вранье.","","","False","dia_rupert_after_herowon_false_14_00","",""
"Scripts/Content/Story/Dialoge/PC/DIA_PC_Rupert.d:388","Вранье.","","","False","dia_rupert_after_herowon_false_16_00","",""
"Scripts/Content/Story/Dialoge/PC/DIA_PC_Rupert.d:390","Так и знал! Так что там на самом деле за приз?","","","False","dia_rupert_after_herowon_false_10_01","",""
"Scripts/Content/Story/Dialoge/PC/DIA_PC_Rupert.d:392","Шучу. Это и правда была книга.","","","False","dia_rupert_after_herowon.dia_rupert_after_herowon_joke","Info_AddChoice",""
"Scripts/Content/Story/Dialoge/PC/DIA_PC_Rupert.d:393","Баллада о грибах.","","","False","dia_rupert_after_herowon.dia_rupert_after_herowon_song","Info_AddChoice",""
"Scripts/Content/Story/Dialoge/PC/DIA_PC_Rupert.d:394","Гриб из чистого золота!","","","False","dia_rupert_after_herowon.dia_rupert_after_herowon_gold","Info_AddChoice",""
"Scripts/Content/Story/Dialoge/PC/DIA_PC_Rupert.d:395","Целый чан целебного эликсира.","","","False","dia_rupert_after_herowon.dia_rupert_after_herowon_elixier","Info_AddChoice",""
"Scripts/Content/Story/Dialoge/PC/DIA_PC_Rupert.d:400","Целый чан целебного эликсира.","","","False","dia_rupert_after_herowon_elixier_03_00","",""
"Scripts/Content/Story/Dialoge/PC/DIA_PC_Rupert.d:402","Целый чан целебного эликсира.","","","False","dia_rupert_after_herowon_elixier_07_00","",""
"Scripts/Content/Story/Dialoge/PC/DIA_PC_Rupert.d:404","Целый чан целебного эликсира.","","","False","dia_rupert_after_herowon_elixier_10_00","",""
"Scripts/Content/Story/Dialoge/PC/DIA_PC_Rupert.d:406","Целый чан целебного эликсира.","","","False","dia_rupert_after_herowon_elixier_14_00","",""
"Scripts/Content/Story/Dialoge/PC/DIA_PC_Rupert.d:408","Целый чан целебного эликсира.","","","False","dia_rupert_after_herowon_elixier_16_00","",""
"Scripts/Content/Story/Dialoge/PC/DIA_PC_Rupert.d:410","Как прозаично.","","","False","dia_rupert_after_herowon_elixier_10_01","",""
"Scripts/Content/Story/Dialoge/PC/DIA_PC_Rupert.d:416","Гриб из чистого золота!","","","False","dia_rupert_after_herowon_gold_03_00","",""
"Scripts/Content/Story/Dialoge/PC/DIA_PC_Rupert.d:417","(заговорщическим шепотом) Знаешь, зачем НА САМОМ ДЕЛЕ Константино объявил конкурс?","","","False","dia_rupert_after_herowon_gold_03_01","",""
"Scripts/Content/Story/Dialoge/PC/DIA_PC_Rupert.d:418","Он нашел грибософский камень! Который превращает все грибы в золото!","","","False","dia_rupert_after_herowon_gold_03_02","",""
"Scripts/Content/Story/Dialoge/PC/DIA_PC_Rupert.d:420","Гриб из чистого золота!","","","False","dia_rupert_after_herowon_gold_07_00","",""
"Scripts/Content/Story/Dialoge/PC/DIA_PC_Rupert.d:421","(заговорщическим шепотом) Знаешь, зачем НА САМОМ ДЕЛЕ Константино объявил конкурс?","","","False","dia_rupert_after_herowon_gold_07_01","",""
"Scripts/Content/Story/Dialoge/PC/DIA_PC_Rupert.d:422","Он нашел грибософский камень! Который превращает все грибы в золото!","","","False","dia_rupert_after_herowon_gold_07_02","",""
"Scripts/Content/Story/Dialoge/PC/DIA_PC_Rupert.d:424","Гриб из чистого золота!","","","False","dia_rupert_after_herowon_gold_10_00","",""
"Scripts/Content/Story/Dialoge/PC/DIA_PC_Rupert.d:425","(заговорщическим шепотом) Знаешь, зачем НА САМОМ ДЕЛЕ Константино объявил конкурс?","","","False","dia_rupert_after_herowon_gold_10_01","",""
"Scripts/Content/Story/Dialoge/PC/DIA_PC_Rupert.d:426","Он нашел грибософский камень! Который превращает все грибы в золото!","","","False","dia_rupert_after_herowon_gold_10_02","",""
"Scripts/Content/Story/Dialoge/PC/DIA_PC_Rupert.d:428","Гриб из чистого золота!","","","False","dia_rupert_after_herowon_gold_14_00","",""
"Scripts/Content/Story/Dialoge/PC/DIA_PC_Rupert.d:429","(заговорщическим шепотом) Знаешь, зачем НА САМОМ ДЕЛЕ Константино объявил конкурс?","","","False","dia_rupert_after_herowon_gold_14_01","",""
"Scripts/Content/Story/Dialoge/PC/DIA_PC_Rupert.d:430","Он нашел грибософский камень! Который превращает все грибы в золото!","","","False","dia_rupert_after_herowon_gold_14_02","",""
"Scripts/Content/Story/Dialoge/PC/DIA_PC_Rupert.d:432","Гриб из чистого золота!","","","False","dia_rupert_after_herowon_gold_16_00","",""
"Scripts/Content/Story/Dialoge/PC/DIA_PC_Rupert.d:433","(заговорщическим шепотом) Знаешь, зачем НА САМОМ ДЕЛЕ Константино объявил конкурс?","","","False","dia_rupert_after_herowon_gold_16_01","",""
"Scripts/Content/Story/Dialoge/PC/DIA_PC_Rupert.d:434","Он нашел грибософский камень! Который превращает все грибы в золото!","","","False","dia_rupert_after_herowon_gold_16_02","",""
"Scripts/Content/Story/Dialoge/PC/DIA_PC_Rupert.d:436","А я все гадал - откуда у него столько денег, чтобы нам всем платить?","","","False","dia_rupert_after_herowon_gold_10_03","",""
"Scripts/Content/Story/Dialoge/PC/DIA_PC_Rupert.d:437","Мне бы не помешал такой камушек...","","","False","dia_rupert_after_herowon_gold_10_04","",""
"Scripts/Content/Story/Dialoge/PC/DIA_PC_Rupert.d:444","Баллада о грибах.","","","False","dia_rupert_after_herowon_song_03_00","",""
"Scripts/Content/Story/Dialoge/PC/DIA_PC_Rupert.d:445","Знаешь, у Константино довольно приятный тенор. Только он очень стесняется петь на людях.","","","False","dia_rupert_after_herowon_song_03_01","",""
"Scripts/Content/Story/Dialoge/PC/DIA_PC_Rupert.d:447","Баллада о грибах.","","","False","dia_rupert_after_herowon_song_07_00","",""
"Scripts/Content/Story/Dialoge/PC/DIA_PC_Rupert.d:448","Знаешь, у Константино довольно приятный тенор. Только он очень стесняется петь на людях.","","","False","dia_rupert_after_herowon_song_07_01","",""
"Scripts/Content/Story/Dialoge/PC/DIA_PC_Rupert.d:450","Баллада о грибах.","","","False","dia_rupert_after_herowon_song_10_00","",""
"Scripts/Content/Story/Dialoge/PC/DIA_PC_Rupert.d:451","Знаешь, у Константино довольно приятный тенор. Только он очень стесняется петь на людях.","","","False","dia_rupert_after_herowon_song_10_01","",""
"Scripts/Content/Story/Dialoge/PC/DIA_PC_Rupert.d:453","Баллада о грибах.","","","False","dia_rupert_after_herowon_song_14_00","",""
"Scripts/Content/Story/Dialoge/PC/DIA_PC_Rupert.d:454","Знаешь, у Константино довольно приятный тенор. Только он очень стесняется петь на людях.","","","False","dia_rupert_after_herowon_song_14_01","",""
"Scripts/Content/Story/Dialoge/PC/DIA_PC_Rupert.d:456","Баллада о грибах.","","","False","dia_rupert_after_herowon_song_16_00","",""
"Scripts/Content/Story/Dialoge/PC/DIA_PC_Rupert.d:457","Знаешь, у Константино довольно приятный тенор. Только он очень стесняется петь на людях.","","","False","dia_rupert_after_herowon_song_16_01","",""
"Scripts/Content/Story/Dialoge/PC/DIA_PC_Rupert.d:459","Никогда бы не подумал.","","","False","dia_rupert_after_herowon_song_10_02","",""
"Scripts/Content/Story/Dialoge/PC/DIA_PC_Rupert.d:466","Шучу. Это и правда была книга.","","","False","dia_rupert_after_herowon_joke_03_00","",""
"Scripts/Content/Story/Dialoge/PC/DIA_PC_Rupert.d:468","Шучу. Это и правда была книга.","","","False","dia_rupert_after_herowon_joke_07_00","",""
"Scripts/Content/Story/Dialoge/PC/DIA_PC_Rupert.d:470","Шучу. Это и правда была книга.","","","False","dia_rupert_after_herowon_joke_10_00","",""
"Scripts/Content/Story/Dialoge/PC/DIA_PC_Rupert.d:472","Шучу. Это и правда была книга.","","","False","dia_rupert_after_herowon_joke_14_00","",""
"Scripts/Content/Story/Dialoge/PC/DIA_PC_Rupert.d:474","Шучу. Это и правда была книга.","","","False","dia_rupert_after_herowon_joke_16_00","",""
"Scripts/Content/Story/Dialoge/PC/DIA_PC_Rupert.d:485","Это ты тут победитель конкурса?","","","False","dia_rupert_after_won.description","",""
"Scripts/Content/Story/Dialoge/PC/DIA_PC_Rupert.d:499","Это ты тут победитель конкурса?","","","False","dia_rupert_after_won_03_00","",""
"Scripts/Content/Story/Dialoge/PC/DIA_PC_Rupert.d:501","Это ты тут победитель конкурса?","","","False","dia_rupert_after_won_07_00","",""
"Scripts/Content/Story/Dialoge/PC/DIA_PC_Rupert.d:503","Это ты тут победитель конкурса?","","","False","dia_rupert_after_won_10_00","",""
"Scripts/Content/Story/Dialoge/PC/DIA_PC_Rupert.d:505","Это ты тут победитель конкурса?","","","False","dia_rupert_after_won_14_00","",""
"Scripts/Content/Story/Dialoge/PC/DIA_PC_Rupert.d:507","Это ты тут победитель конкурса?","","","False","dia_rupert_after_won_16_00","",""
"Scripts/Content/Story/Dialoge/PC/DIA_PC_Rupert.d:509","Ага! Сам от себя такого не ожидал.","","","False","dia_rupert_after_won_03_01","",""
"Scripts/Content/Story/Dialoge/PC/DIA_PC_Rupert.d:518","Чем теперь займешься?","","","False","dia_rupert_after_perm.description","",""
"Scripts/Content/Story/Dialoge/PC/DIA_PC_Rupert.d:531","Чем теперь займешься?","","","False","dia_rupert_after_perm_03_00","",""
"Scripts/Content/Story/Dialoge/PC/DIA_PC_Rupert.d:533","Чем теперь займешься?","","","False","dia_rupert_after_perm_07_00","",""
"Scripts/Content/Story/Dialoge/PC/DIA_PC_Rupert.d:535","Чем теперь займешься?","","","False","dia_rupert_after_perm_10_00","",""
"Scripts/Content/Story/Dialoge/PC/DIA_PC_Rupert.d:537","Чем теперь займешься?","","","False","dia_rupert_after_perm_14_00","",""
"Scripts/Content/Story/Dialoge/PC/DIA_PC_Rupert.d:539","Чем теперь займешься?","","","False","dia_rupert_after_perm_16_00","",""
"Scripts/Content/Story/Dialoge/PC/DIA_PC_Rupert.d:542","Постараюсь найти работу.","","","False","dia_rupert_after_perm_03_01","",""
"Scripts/Content/Story/Dialoge/PC/DIA_PC_Rupert.d:544","(мрачно) Буду возвращать оставшиеся долги.","","","False","dia_rupert_after_perm_03_02","",""
"Scripts/Content/Story/Dialoge/PC/DIA_PC_Rupert.d:548","Теперь у меня полно денег, можно и погулять от души!","","","False","dia_rupert_after_perm_03_03","",""
"Scripts/Content/Story/Dialoge/PC/DIA_PC_Sarah.d:15","Так ты тоже участвушь в конкурсе Константино?","","","False","dia_sarah_mr_hello.description","",""
"Scripts/Content/Story/Dialoge/PC/DIA_PC_Sarah.d:20","Так ты тоже участвушь в конкурсе Константино?","","","False","dia_sarah_mr_hello_03_00","",""
"Scripts/Content/Story/Dialoge/PC/DIA_PC_Sarah.d:22","Так ты тоже участвушь в конкурсе Константино?","","","False","dia_sarah_mr_hello_07_00","",""
"Scripts/Content/Story/Dialoge/PC/DIA_PC_Sarah.d:24","Так ты тоже участвушь в конкурсе Константино?","","","False","dia_sarah_mr_hello_10_00","",""
"Scripts/Content/Story/Dialoge/PC/DIA_PC_Sarah.d:26","Так ты тоже участвушь в конкурсе Константино?","","","False","dia_sarah_mr_hello_14_00","",""
"Scripts/Content/Story/Dialoge/PC/DIA_PC_Sarah.d:28","Так ты тоже участвушь в конкурсе Константино?","","","False","dia_sarah_mr_hello_16_00","",""
"Scripts/Content/Story/Dialoge/PC/DIA_PC_Sarah.d:30","Да, я решила, что мне не повредит развеяться.","","","False","dia_sarah_mr_hello_16_01","",""
"Scripts/Content/Story/Dialoge/PC/DIA_PC_Sarah.d:38","Можешь дать совет?","","","False","dia_sarah_advice.description","",""
"Scripts/Content/Story/Dialoge/PC/DIA_PC_Sarah.d:44","Можешь дать совет?","","","False","dia_sarah_advice_03_00","",""
"Scripts/Content/Story/Dialoge/PC/DIA_PC_Sarah.d:46","Можешь дать совет?","","","False","dia_sarah_advice_07_00","",""
"Scripts/Content/Story/Dialoge/PC/DIA_PC_Sarah.d:48","Можешь дать совет?","","","False","dia_sarah_advice_10_00","",""
"Scripts/Content/Story/Dialoge/PC/DIA_PC_Sarah.d:50","Можешь дать совет?","","","False","dia_sarah_advice_14_00","",""
"Scripts/Content/Story/Dialoge/PC/DIA_PC_Sarah.d:52","Можешь дать совет?","","","False","dia_sarah_advice_16_00","",""
"Scripts/Content/Story/Dialoge/PC/DIA_PC_Sarah.d:54","Если тебе где-то попался гриб - попробуй вернуться на то же место через несколько дней.","","","False","dia_sarah_advice_16_01","",""
"Scripts/Content/Story/Dialoge/PC/DIA_PC_Sarah.d:55","Он может вырасти снова.","","","False","dia_sarah_advice_16_02","",""
"Scripts/Content/Story/Dialoge/PC/DIA_PC_Sarah.d:63","Продай мне свои грибы.","","","False","dia_sarah_pretrade.description","",""
"Scripts/Content/Story/Dialoge/PC/DIA_PC_Sarah.d:68","Продай мне свои грибы.","","","False","dia_sarah_pretrade_03_00","",""
"Scripts/Content/Story/Dialoge/PC/DIA_PC_Sarah.d:70","Продай мне свои грибы.","","","False","dia_sarah_pretrade_07_00","",""
"Scripts/Content/Story/Dialoge/PC/DIA_PC_Sarah.d:72","Продай мне свои грибы.","","","False","dia_sarah_pretrade_10_00","",""
"Scripts/Content/Story/Dialoge/PC/DIA_PC_Sarah.d:74","Продай мне свои грибы.","","","False","dia_sarah_pretrade_14_00","",""
"Scripts/Content/Story/Dialoge/PC/DIA_PC_Sarah.d:76","Продай мне свои грибы.","","","False","dia_sarah_pretrade_16_00","",""
"Scripts/Content/Story/Dialoge/PC/DIA_PC_Sarah.d:78","Нет. Я тоже хочу победить!","","","False","dia_sarah_pretrade_16_01","",""
"Scripts/Content/Story/Dialoge/PC/DIA_PC_Sarah.d:99","(бодро) Салют победителю конкурса!","","","False","dia_sarah_after_herowon_10_01","",""
"Scripts/Content/Story/Dialoge/PC/DIA_PC_Sarah.d:101","Ты что, совсем не расстроилась из-за проигрыша?","","","False","dia_sarah_after_herowon_03_02","",""
"Scripts/Content/Story/Dialoge/PC/DIA_PC_Sarah.d:103","Ты что, совсем не расстроилась из-за проигрыша?","","","False","dia_sarah_after_herowon_07_02","",""
"Scripts/Content/Story/Dialoge/PC/DIA_PC_Sarah.d:105","Ты что, совсем не расстроилась из-за проигрыша?","","","False","dia_sarah_after_herowon_10_02","",""
"Scripts/Content/Story/Dialoge/PC/DIA_PC_Sarah.d:107","Ты что, совсем не расстроилась из-за проигрыша?","","","False","dia_sarah_after_herowon_14_02","",""
"Scripts/Content/Story/Dialoge/PC/DIA_PC_Sarah.d:109","Ты что, совсем не расстроилась из-за проигрыша?","","","False","dia_sarah_after_herowon_16_02","",""
"Scripts/Content/Story/Dialoge/PC/DIA_PC_Sarah.d:113","Расстроилась, конечно. Но это не отменяет того факта, что ты молодец!","","","False","dia_sarah_after_herowon_10_03","",""
"Scripts/Content/Story/Dialoge/PC/DIA_PC_Sarah.d:116","Было бы из-за чего! Да и мы все неплохо подзаработали.","","","False","dia_sarah_after_herowon_10_04","",""
"Scripts/Content/Story/Dialoge/PC/DIA_PC_Sarah.d:125","Это ты выиграла конкурс?","","","False","dia_sarah_after_won.description","",""
"Scripts/Content/Story/Dialoge/PC/DIA_PC_Sarah.d:139","Это ты выиграла конкурс?","","","False","dia_sarah_after_won_03_00","",""
"Scripts/Content/Story/Dialoge/PC/DIA_PC_Sarah.d:141","Это ты выиграла конкурс?","","","False","dia_sarah_after_won_07_00","",""
"Scripts/Content/Story/Dialoge/PC/DIA_PC_Sarah.d:143","Это ты выиграла конкурс?","","","False","dia_sarah_after_won_10_00","",""
"Scripts/Content/Story/Dialoge/PC/DIA_PC_Sarah.d:145","Это ты выиграла конкурс?","","","False","dia_sarah_after_won_14_00","",""
"Scripts/Content/Story/Dialoge/PC/DIA_PC_Sarah.d:147","Это ты выиграла конкурс?","","","False","dia_sarah_after_won_16_00","",""
"Scripts/Content/Story/Dialoge/PC/DIA_PC_Sarah.d:149","(гордо) Да, я. А что?","","","False","dia_sarah_after_won_10_01","",""
"Scripts/Content/Story/Dialoge/PC/DIA_PC_Sarah.d:151","Просто хотел поздравить.","","","False","dia_sarah_after_won_03_02","",""
"Scripts/Content/Story/Dialoge/PC/DIA_PC_Sarah.d:153","Просто хотел поздравить.","","","False","dia_sarah_after_won_07_02","",""
"Scripts/Content/Story/Dialoge/PC/DIA_PC_Sarah.d:155","Просто хотел поздравить.","","","False","dia_sarah_after_won_10_02","",""
"Scripts/Content/Story/Dialoge/PC/DIA_PC_Sarah.d:157","Просто хотел поздравить.","","","False","dia_sarah_after_won_14_02","",""
"Scripts/Content/Story/Dialoge/PC/DIA_PC_Sarah.d:159","Просто хотела поздравить.","","","False","dia_sarah_after_won_16_02","",""
"Scripts/Content/Story/Dialoge/PC/DIA_PC_Sarah.d:161","Спасибо.","","","False","dia_sarah_after_won_10_03","",""
"Scripts/Content/Story/Dialoge/PC/DIA_PC_Sarah.d:170","Что будешь теперь делать?","","","False","dia_sarah_after_pretrade.description","",""
"Scripts/Content/Story/Dialoge/PC/DIA_PC_Sarah.d:182","Что будешь теперь делать?","","","False","dia_sarah_after_pretrade_03_00","",""
"Scripts/Content/Story/Dialoge/PC/DIA_PC_Sarah.d:184","Что будешь теперь делать?","","","False","dia_sarah_after_pretrade_07_00","",""
"Scripts/Content/Story/Dialoge/PC/DIA_PC_Sarah.d:186","Что будешь теперь делать?","","","False","dia_sarah_after_pretrade_10_00","",""
"Scripts/Content/Story/Dialoge/PC/DIA_PC_Sarah.d:188","Что будешь теперь делать?","","","False","dia_sarah_after_pretrade_14_00","",""
"Scripts/Content/Story/Dialoge/PC/DIA_PC_Sarah.d:190","Что будешь теперь делать?","","","False","dia_sarah_after_pretrade_16_00","",""
"Scripts/Content/Story/Dialoge/PC/DIA_PC_Sarah.d:192","Вернусь к торговле. Кстати, хочешь чего-нибудь купить?","","","False","dia_sarah_after_pretrade_10_01","",""
"Scripts/Content/Story/Dialoge/PC/DIA_PC_Sarah.d:203","(торговать)","","","False","dia_sarah_after_trade.description","",""
"Scripts/Content/Story/Dialoge/PC/DIA_PC_Talbin.d:16","Мне нужна шкура мракориса.","","","False","dia_talbin_elena_shadowfur.description","",""
"Scripts/Content/Story/Dialoge/PC/DIA_PC_Talbin.d:29","А шкуры ты продаешь? Мне нужна шкура мракориса.","","","False","dia_talbin_elena_shadowfur_16_00","",""
"Scripts/Content/Story/Dialoge/PC/DIA_PC_Talbin.d:30","Вот вы с Боспером заладили - мракорис, мракорис...","","","False","dia_talbin_elena_shadowfur_12_01","",""
"Scripts/Content/Story/Dialoge/PC/DIA_PC_Talbin.d:31","После конкурса будет вам мракорис. Может быть.","","","False","dia_talbin_elena_shadowfur_12_02","",""
"Scripts/Content/Story/Dialoge/PC/DIA_PC_Talbin.d:43","Ты тоже участвуешь в грибном конкурсе?","","","False","dia_talbin_mr_hello.description","",""
"Scripts/Content/Story/Dialoge/PC/DIA_PC_Talbin.d:48","Ты тоже участвуешь в грибном конкурсе?","","","False","dia_talbin_mr_hello_03_00","",""
"Scripts/Content/Story/Dialoge/PC/DIA_PC_Talbin.d:50","Ты тоже участвуешь в грибном конкурсе?","","","False","dia_talbin_mr_hello_10_00","",""
"Scripts/Content/Story/Dialoge/PC/DIA_PC_Talbin.d:52","Ты тоже участвуешь в грибном конкурсе?","","","False","dia_talbin_mr_hello_14_00","",""
"Scripts/Content/Story/Dialoge/PC/DIA_PC_Talbin.d:54","Ты тоже участвуешь в грибном конкурсе?","","","False","dia_talbin_mr_hello_16_00","",""
"Scripts/Content/Story/Dialoge/PC/DIA_PC_Talbin.d:56","Да, я на время сменил цель охоты.","","","False","dia_talbin_mr_hello_07_01","",""
"Scripts/Content/Story/Dialoge/PC/DIA_PC_Talbin.d:64","Дашь мне совет?","","","False","dia_talbin_advice.description","",""
"Scripts/Content/Story/Dialoge/PC/DIA_PC_Talbin.d:70","Дашь мне совет?","","","False","dia_talbin_advice_03_00","",""
"Scripts/Content/Story/Dialoge/PC/DIA_PC_Talbin.d:72","Дашь мне совет?","","","False","dia_talbin_advice_10_00","",""
"Scripts/Content/Story/Dialoge/PC/DIA_PC_Talbin.d:74","Дашь мне совет?","","","False","dia_talbin_advice_14_00","",""
"Scripts/Content/Story/Dialoge/PC/DIA_PC_Talbin.d:76","Дашь мне совет?","","","False","dia_talbin_advice_16_00","",""
"Scripts/Content/Story/Dialoge/PC/DIA_PC_Talbin.d:78","В лесу смотри по сторонам, иначе рискуешь наткнуться на разъяренного кабана. В этом году их особенно много.","","","False","dia_talbin_advice_07_01","",""
"Scripts/Content/Story/Dialoge/PC/DIA_PC_Talbin.d:86","Продай мне свои грибы.","","","False","dia_talbin_pretrade.description","",""
"Scripts/Content/Story/Dialoge/PC/DIA_PC_Talbin.d:91","Продай мне свои грибы.","","","False","dia_talbin_pretrade_03_00","",""
"Scripts/Content/Story/Dialoge/PC/DIA_PC_Talbin.d:93","Продай мне свои грибы.","","","False","dia_talbin_pretrade_10_00","",""
"Scripts/Content/Story/Dialoge/PC/DIA_PC_Talbin.d:95","Продай мне свои грибы.","","","False","dia_talbin_pretrade_14_00","",""
"Scripts/Content/Story/Dialoge/PC/DIA_PC_Talbin.d:97","Продай мне свои грибы.","","","False","dia_talbin_pretrade_16_00","",""
"Scripts/Content/Story/Dialoge/PC/DIA_PC_Talbin.d:99","Тебе так охота получить приз Константино?","","","False","dia_talbin_pretrade_07_01","",""
"Scripts/Content/Story/Dialoge/PC/DIA_PC_Talbin.d:100","Ладно, мне нужны деньги.","","","False","dia_talbin_pretrade_07_02","",""
"Scripts/Content/Story/Dialoge/PC/DIA_PC_Talbin.d:101","Я продам тебе некоторые грибы, если ты заплатишь за них больше, чем Константино.","","","False","dia_talbin_pretrade_07_03","",""
"Scripts/Content/Story/Dialoge/PC/DIA_PC_Talbin.d:129","(купить грибы)","","","False","dia_talbin_mrtrade.description","",""
"Scripts/Content/Story/Dialoge/PC/DIA_PC_Talbin.d:184","У меня сейчас нет больше грибов.","","","False","dia_talbin_mrtrade_no_07_01","",""
"Scripts/Content/Story/Dialoge/PC/DIA_PC_Talbin.d:195","1 шт.","","","False","dia_talbin_mrtrade.dia_talbin_mrtrade_cnt1","Info_AddChoice",""
"Scripts/Content/Story/Dialoge/PC/DIA_PC_Talbin.d:197","5 шт.","","","False","dia_talbin_mrtrade.dia_talbin_mrtrade_cnt5","Info_AddChoice",""
"Scripts/Content/Story/Dialoge/PC/DIA_PC_Talbin.d:212","Вот твои грибы.","","","False","dia_talbin_mrtrade_07_01","",""
"Scripts/Content/Story/Dialoge/PC/DIA_PC_Talbin.d:216","У тебя нет столько золота.","","","False","dia_talbin_mrtrade_07_02","",""
"Scripts/Content/Story/Dialoge/PC/DIA_PC_Talbin.d:339","Ух ты, смотри, кто идет!","","","False","dia_talbin_after_herowon_10_01","",""
"Scripts/Content/Story/Dialoge/PC/DIA_PC_Talbin.d:341","Лучший грибник Хориниса!","","","False","dia_talbin_after_herowon_10_02m","",""
"Scripts/Content/Story/Dialoge/PC/DIA_PC_Talbin.d:344","Лучшая грибниха... грибница... В общем - главная по грибам!","","","False","dia_talbin_after_herowon_10_02f","",""
"Scripts/Content/Story/Dialoge/PC/DIA_PC_Talbin.d:353","Поздравляю первого охотника!","","","False","dia_talbin_after_won.description","",""
"Scripts/Content/Story/Dialoge/PC/DIA_PC_Talbin.d:367","Поздравляю первого охотника! Охотника за грибами.","","","False","dia_talbin_after_won_03_00","",""
"Scripts/Content/Story/Dialoge/PC/DIA_PC_Talbin.d:369","Поздравляю первого охотника! Охотника за грибами.","","","False","dia_talbin_after_won_10_00","",""
"Scripts/Content/Story/Dialoge/PC/DIA_PC_Talbin.d:371","Поздравляю первого охотника! Охотника за грибами.","","","False","dia_talbin_after_won_14_00","",""
"Scripts/Content/Story/Dialoge/PC/DIA_PC_Talbin.d:373","Поздравляю первого охотника! Охотника за грибами.","","","False","dia_talbin_after_won_16_00","",""
"Scripts/Content/Story/Dialoge/PC/DIA_PC_Talbin.d:375","Спасибо на добром слове.","","","False","dia_talbin_after_won_10_01","",""
"Scripts/Content/Story/Dialoge/PC/DIA_PC_Talbin.d:384","Что теперь будешь делать?","","","False","dia_talbin_after_perm.description","",""
"Scripts/Content/Story/Dialoge/PC/DIA_PC_Talbin.d:397","Что теперь будешь делать?","","","False","dia_talbin_after_perm_03_00","",""
"Scripts/Content/Story/Dialoge/PC/DIA_PC_Talbin.d:399","Что теперь будешь делать?","","","False","dia_talbin_after_perm_10_00","",""
"Scripts/Content/Story/Dialoge/PC/DIA_PC_Talbin.d:401","Что теперь будешь делать?","","","False","dia_talbin_after_perm_14_00","",""
"Scripts/Content/Story/Dialoge/PC/DIA_PC_Talbin.d:403","Что теперь будешь делать?","","","False","dia_talbin_after_perm_16_00","",""
"Scripts/Content/Story/Dialoge/PC/DIA_PC_Talbin.d:405","Как обычно - охотиться.","","","False","dia_talbin_after_perm_10_01","",""
"Scripts/Content/Story/Dialoge/PC/DIA_PC_Talbin.d:414","Тебе шкура мракориса не нужна?","","","False","dia_talbin_after_shadowfur.description","",""
"Scripts/Content/Story/Dialoge/PC/DIA_PC_Talbin.d:427","Тебе шкура мракориса не нужна?","","","False","dia_talbin_after_shadowfur_03_00","",""
"Scripts/Content/Story/Dialoge/PC/DIA_PC_Talbin.d:429","Тебе шкура мракориса не нужна?","","","False","dia_talbin_after_shadowfur_10_00","",""
"Scripts/Content/Story/Dialoge/PC/DIA_PC_Talbin.d:431","Тебе шкура мракориса не нужна?","","","False","dia_talbin_after_shadowfur_14_00","",""
"Scripts/Content/Story/Dialoge/PC/DIA_PC_Talbin.d:433","Тебе шкура мракориса не нужна?","","","False","dia_talbin_after_shadowfur_16_00","",""
"Scripts/Content/Story/Dialoge/PC/DIA_PC_Talbin.d:435","Пригодится. Могу дать за нее 75 золотых. ","","","False","dia_talbin_after_shadowfur_10_01","",""
"Scripts/Content/Story/Dialoge/PC/DIA_PC_Talbin.d:436","Это больше, чем ты получишь у Боспера или другого торговца.","","","False","dia_talbin_after_shadowfur_10_02","",""
"Scripts/Content/Story/Dialoge/PC/DIA_PC_Talbin.d:446","Я продам тебе шкуру. (75 зол.)","","","False","dia_talbin_after_shadowfur_sell.description","",""
"Scripts/Content/Story/Dialoge/PC/DIA_PC_Till.d:15","И ты грибы собираешь?","","","False","dia_till_mr_hello.description","",""
"Scripts/Content/Story/Dialoge/PC/DIA_PC_Till.d:20","И ты грибы собираешь?","","","False","dia_till_mr_hello_03_00","",""
"Scripts/Content/Story/Dialoge/PC/DIA_PC_Till.d:22","И ты грибы собираешь?","","","False","dia_till_mr_hello_07_00","",""
"Scripts/Content/Story/Dialoge/PC/DIA_PC_Till.d:24","И ты грибы собираешь?","","","False","dia_till_mr_hello_10_00","",""
"Scripts/Content/Story/Dialoge/PC/DIA_PC_Till.d:26","И ты грибы собираешь?","","","False","dia_till_mr_hello_16_00","",""
"Scripts/Content/Story/Dialoge/PC/DIA_PC_Till.d:28","Да. Не то, чтобы я очень хотел, но отец настоял.","","","False","dia_till_mr_hello_14_01","",""
"Scripts/Content/Story/Dialoge/PC/DIA_PC_Till.d:31","А кто твой отец?","","","False","dia_till_mr_hello_03_02","",""
"Scripts/Content/Story/Dialoge/PC/DIA_PC_Till.d:33","А кто твой отец?","","","False","dia_till_mr_hello_07_02","",""
"Scripts/Content/Story/Dialoge/PC/DIA_PC_Till.d:35","А кто твой отец?","","","False","dia_till_mr_hello_10_02","",""
"Scripts/Content/Story/Dialoge/PC/DIA_PC_Till.d:37","А кто твой отец?","","","False","dia_till_mr_hello_16_02","",""
"Scripts/Content/Story/Dialoge/PC/DIA_PC_Till.d:39","Секоб. Он владеет одной из самых крупных ферм на острове.","","","False","dia_till_mr_hello_14_03","",""
"Scripts/Content/Story/Dialoge/PC/DIA_PC_Till.d:48","Знаешь что-нибудь о грибах?","","","False","dia_till_advice.description","",""
"Scripts/Content/Story/Dialoge/PC/DIA_PC_Till.d:54","Знаешь что-нибудь о грибах?","","","False","dia_till_advice_03_00","",""
"Scripts/Content/Story/Dialoge/PC/DIA_PC_Till.d:56","Знаешь что-нибудь о грибах?","","","False","dia_till_advice_07_00","",""
"Scripts/Content/Story/Dialoge/PC/DIA_PC_Till.d:58","Знаешь что-нибудь о грибах?","","","False","dia_till_advice_10_00","",""
"Scripts/Content/Story/Dialoge/PC/DIA_PC_Till.d:60","Знаешь что-нибудь о грибах?","","","False","dia_till_advice_16_00","",""
"Scripts/Content/Story/Dialoge/PC/DIA_PC_Till.d:62","Что их лучше не брать в рот, если не знаешь наверняка.","","","False","dia_till_advice_14_01","",""
"Scripts/Content/Story/Dialoge/PC/DIA_PC_Till.d:70","Продай мне свои грибы!","","","False","dia_till_pretrade.description","",""
"Scripts/Content/Story/Dialoge/PC/DIA_PC_Till.d:75","Продай мне свои грибы!","","","False","dia_till_pretrade_03_00","",""
"Scripts/Content/Story/Dialoge/PC/DIA_PC_Till.d:77","Продай мне свои грибы!","","","False","dia_till_pretrade_07_00","",""
"Scripts/Content/Story/Dialoge/PC/DIA_PC_Till.d:79","Продай мне свои грибы!","","","False","dia_till_pretrade_10_00","",""
"Scripts/Content/Story/Dialoge/PC/DIA_PC_Till.d:81","Продай мне свои грибы!","","","False","dia_till_pretrade_16_00","",""
"Scripts/Content/Story/Dialoge/PC/DIA_PC_Till.d:83","Нет! Отец мне голову оторвет, если я не получу приз.","","","False","dia_till_pretrade_14_01","",""
"Scripts/Content/Story/Dialoge/PC/DIA_PC_Till.d:104","(кисло) Поздравляю с победой.","","","False","dia_till_after_herowon_14_01","",""
"Scripts/Content/Story/Dialoge/PC/DIA_PC_Till.d:106","Да ты не расстраивайся.","","","False","dia_till_after_herowon_03_00","",""
"Scripts/Content/Story/Dialoge/PC/DIA_PC_Till.d:108","Да ты не расстраивайся.","","","False","dia_till_after_herowon_07_00","",""
"Scripts/Content/Story/Dialoge/PC/DIA_PC_Till.d:110","Да ты не расстраивайся.","","","False","dia_till_after_herowon_10_00","",""
"Scripts/Content/Story/Dialoge/PC/DIA_PC_Till.d:112","Да ты не расстраивайся.","","","False","dia_till_after_herowon_16_00","",""
"Scripts/Content/Story/Dialoge/PC/DIA_PC_Till.d:114","Легко тебе говорить!","","","False","dia_till_after_herowon_14_02","",""
"Scripts/Content/Story/Dialoge/PC/DIA_PC_Till.d:135","Знаешь? Я выиграл конкурс! Я лучший грибник Хориниса!","","","False","dia_till_after_won_14_01","",""
"Scripts/Content/Story/Dialoge/PC/DIA_PC_Till.d:137","И как оно - быть лучшим грибником?","","","False","dia_till_after_won_03_02","",""
"Scripts/Content/Story/Dialoge/PC/DIA_PC_Till.d:139","И как оно - быть лучшим грибником?","","","False","dia_till_after_won_07_02","",""
"Scripts/Content/Story/Dialoge/PC/DIA_PC_Till.d:141","И как оно - быть лучшим грибником?","","","False","dia_till_after_won_10_02","",""
"Scripts/Content/Story/Dialoge/PC/DIA_PC_Till.d:143","И как оно - быть лучшим грибником?","","","False","dia_till_after_won_16_02","",""
"Scripts/Content/Story/Dialoge/PC/DIA_PC_Till.d:145","Ну, это... Как обычно, только ты лучше остальных.","","","False","dia_till_after_won_14_03","",""
"Scripts/Content/Story/Dialoge/PC/DIA_PC_Till.d:154","Что ты теперь будешь делать?","","","False","dia_till_after_perm.description","",""
"Scripts/Content/Story/Dialoge/PC/DIA_PC_Till.d:167","Что ты теперь будешь делать?","","","False","dia_till_after_perm_03_00","",""
"Scripts/Content/Story/Dialoge/PC/DIA_PC_Till.d:169","Что ты теперь будешь делать?","","","False","dia_till_after_perm_07_00","",""
"Scripts/Content/Story/Dialoge/PC/DIA_PC_Till.d:171","Что ты теперь будешь делать?","","","False","dia_till_after_perm_10_00","",""
"Scripts/Content/Story/Dialoge/PC/DIA_PC_Till.d:173","Что ты теперь будешь делать?","","","False","dia_till_after_perm_16_00","",""
"Scripts/Content/Story/Dialoge/PC/DIA_PC_Till.d:176","А тебе какое дело?","","","False","dia_till_after_perm_14_01","",""
"Scripts/Content/Story/Dialoge/PC/DIA_PC_Till.d:179","Отец опять заставит работать на ферме. Но когда-нибудь я буду сам тут командовать!","","","False","dia_till_after_perm_14_02","",""
"Scripts/Content/Story/Dialoge/DIA_Addon_WispDetector.d:4","Следуй за мной...","","","False","dia_wispdetector_erol_followme_wisp_10_00","",""
"Scripts/Content/Story/Dialoge/DIA_Addon_WispDetector.d:164","Следуй за мной.","","","False","dia_addon_wispdetector_follow.description","",""
"Scripts/Content/Story/Dialoge/DIA_Addon_WispDetector.d:190","Ищи!","","","False","dia_wispdetector_erol_search.description","",""
"Scripts/Content/Story/Dialoge/DIA_Addon_WispDetector.d:195","Ищи!","","","False","dia_wispdetector_erol_search_10_00","",""
"Scripts/Content/Story/Dialoge/DIA_MoleratCross.d:17","(радостно приветствует)","","","False","mol_warn02","",""
"Scripts/Content/Story/Dialoge/DIA_MoleratCross.d:18","Привет, дружище! А ты опять потолстел!","","","False","dia_cross_hello_14_00","",""
"Scripts/Content/Story/Dialoge/DIA_MoleratCross.d:29","Идем со мной!","","","False","dia_cross_followme.description","",""
"Scripts/Content/Story/Dialoge/DIA_MoleratCross.d:40","Идем со мной!","","","False","dia_cross_followme_14_00","",""
"Scripts/Content/Story/Dialoge/DIA_MoleratCross.d:41","(согласно похрюкивает)","","","False","mol_warn01","",""
"Scripts/Content/Story/Dialoge/DIA_MoleratCross.d:54","Ищи!","","","False","dia_cross_search.description","",""
"Scripts/Content/Story/Dialoge/DIA_MoleratCross.d:65","Ищи!","","","False","dia_cross_search_14_00","",""
"Scripts/Content/Story/Dialoge/DIA_MoleratCross.d:66","(довольно урчит)","","","False","mol_warn04","",""
"Scripts/Content/Story/Dialoge/DIA_MoleratCross.d:79","Иди домой.","","","False","dia_cross_gohome.description","",""
"Scripts/Content/Story/Dialoge/DIA_MoleratCross.d:90","Иди домой.","","","False","dia_cross_gohome_14_00","",""
"Scripts/Content/Story/Dialoge/DIA_MoleratCross.d:91","(вздыхает)","","","False","mol_ambient02","",""
"Scripts/Content/Story/Dialoge/DIA_MoleratCross.d:102","(дать обычную еду)","","","False","dia_cross_feed.dia_cross_feed_menu_food","Info_AddChoice",""
"Scripts/Content/Story/Dialoge/DIA_MoleratCross.d:103","(дать растение)","","","False","dia_cross_feed.dia_cross_feed_menu_plant","Info_AddChoice",""
"Scripts/Content/Story/Dialoge/DIA_MoleratCross.d:104","(дать гриб)","","","False","dia_cross_feed.dia_cross_feed_menu_mr","Info_AddChoice",""
"Scripts/Content/Story/Dialoge/DIA_MoleratCross.d:112","(покормить)","","","False","dia_cross_feed.description","",""
"Scripts/Content/Story/Dialoge/DIA_MoleratCross.d:117","Вот, скушай...","","","False","dia_cross_feed_14_00","",""
"Scripts/Content/Story/Dialoge/DIA_MoleratCross.d:123","(жует)","","","False","mol_ambient_short03","",""
"Scripts/Content/Story/Dialoge/DIA_MoleratCross.d:134","Нравится? Ну лопай, лопай.","","","False","dia_cross_feed_like_14_00","",""
"Scripts/Content/Story/Dialoge/DIA_MoleratCross.d:141","(недовольно визжит)","","","False","mol_hurt04","",""
"Scripts/Content/Story/Dialoge/DIA_MoleratCross.d:142","Крестик отказывается это есть.","","","False","dia_cross_feed_no_14_01","",""
"Scripts/Content/Story/Dialoge/DIA_MoleratCross.d:154","(золотую чашу)","","","False","dia_cross_feed.dia_cross_feed_mr_goldplate","Info_AddChoice",""
"Scripts/Content/Story/Dialoge/DIA_MoleratCross.d:157","(гриб-сердце)","","","False","dia_cross_feed.dia_cross_feed_mr_heart","Info_AddChoice",""
"Scripts/Content/Story/Dialoge/DIA_MoleratCross.d:160","(фиолетовую поганку)","","","False","dia_cross_feed.dia_cross_feed_mr_violet","Info_AddChoice",""
"Scripts/Content/Story/Dialoge/DIA_MoleratCross.d:163","(трезубец)","","","False","dia_cross_feed.dia_cross_feed_mr_trident","Info_AddChoice",""
"Scripts/Content/Story/Dialoge/DIA_MoleratCross.d:166","(зорьник)","","","False","dia_cross_feed.dia_cross_feed_mr_sunrise","Info_AddChoice",""
"Scripts/Content/Story/Dialoge/DIA_MoleratCross.d:169","(каменку)","","","False","dia_cross_feed.dia_cross_feed_mr_stone","Info_AddChoice",""
"Scripts/Content/Story/Dialoge/DIA_MoleratCross.d:172","(болтун)","","","False","dia_cross_feed.dia_cross_feed_mr_red","Info_AddChoice",""
"Scripts/Content/Story/Dialoge/DIA_MoleratCross.d:175","(сосновик)","","","False","dia_cross_feed.dia_cross_feed_mr_piny","Info_AddChoice",""
"Scripts/Content/Story/Dialoge/DIA_MoleratCross.d:178","(ракушечник)","","","False","dia_cross_feed.dia_cross_feed_mr_oyster","Info_AddChoice",""
"Scripts/Content/Story/Dialoge/DIA_MoleratCross.d:181","(ночные искры)","","","False","dia_cross_feed.dia_cross_feed_mr_nightsparkles","Info_AddChoice",""
"Scripts/Content/Story/Dialoge/DIA_MoleratCross.d:184","(дамское ушко)","","","False","dia_cross_feed.dia_cross_feed_mr_ladysear","Info_AddChoice",""
"Scripts/Content/Story/Dialoge/DIA_MoleratCross.d:187","(большой кабанчик)","","","False","dia_cross_feed.dia_cross_feed_mr_keilbig","Info_AddChoice",""
"Scripts/Content/Story/Dialoge/DIA_MoleratCross.d:190","(маленький кабанчик)","","","False","dia_cross_feed.dia_cross_feed_mr_keilsmall","Info_AddChoice",""
"Scripts/Content/Story/Dialoge/DIA_MoleratCross.d:193","(плющевик)","","","False","dia_cross_feed.dia_cross_feed_mr_ivy","Info_AddChoice",""
"Scripts/Content/Story/Dialoge/DIA_MoleratCross.d:196","(губернатор)","","","False","dia_cross_feed.dia_cross_feed_mr_governor","Info_AddChoice",""
"Scripts/Content/Story/Dialoge/DIA_MoleratCross.d:199","(туманник)","","","False","dia_cross_feed.dia_cross_feed_mr_foggy","Info_AddChoice",""
"Scripts/Content/Story/Dialoge/DIA_MoleratCross.d:202","(драконовы слезы)","","","False","dia_cross_feed.dia_cross_feed_mr_dragontears","Info_AddChoice",""
"Scripts/Content/Story/Dialoge/DIA_MoleratCross.d:205","(масляк)","","","False","dia_cross_feed.dia_cross_feed_mr_brownoiler","Info_AddChoice",""
"Scripts/Content/Story/Dialoge/DIA_MoleratCross.d:208","(веточник)","","","False","dia_cross_feed.dia_cross_feed_mr_branch","Info_AddChoice",""
"Scripts/Content/Story/Dialoge/DIA_MoleratCross.d:211","(бутылочник)","","","False","dia_cross_feed.dia_cross_feed_mr_bottle","Info_AddChoice",""
"Scripts/Content/Story/Dialoge/DIA_MoleratCross.d:214","(пищу рудокопа)","","","False","dia_cross_feed.dia_cross_feed_mr_02","Info_AddChoice",""
"Scripts/Content/Story/Dialoge/DIA_MoleratCross.d:217","(темный гриб)","","","False","dia_cross_feed.dia_cross_feed_mr_01","Info_AddChoice",""
"Scripts/Content/Story/Dialoge/DIA_MoleratCross.d:226","(огненный корень)","","","False","dia_cross_feed.dia_cross_feed_mana_herb_03","Info_AddChoice",""
"Scripts/Content/Story/Dialoge/DIA_MoleratCross.d:229","(огненную траву)","","","False","dia_cross_feed.dia_cross_feed_mana_herb_02","Info_AddChoice",""
"Scripts/Content/Story/Dialoge/DIA_MoleratCross.d:232","(огненную крапиву)","","","False","dia_cross_feed.dia_cross_feed_mana_herb_01","Info_AddChoice",""
"Scripts/Content/Story/Dialoge/DIA_MoleratCross.d:235","(лечебный корень)","","","False","dia_cross_feed.dia_cross_feed_health_herb_03","Info_AddChoice",""
"Scripts/Content/Story/Dialoge/DIA_MoleratCross.d:238","(лечебное растение)","","","False","dia_cross_feed.dia_cross_feed_health_herb_02","Info_AddChoice",""
"Scripts/Content/Story/Dialoge/DIA_MoleratCross.d:241","(лечебную траву)","","","False","dia_cross_feed.dia_cross_feed_health_herb_01","Info_AddChoice",""
"Scripts/Content/Story/Dialoge/DIA_MoleratCross.d:244","(луговую ягоду)","","","False","dia_cross_feed.dia_cross_feed_planeberry","Info_AddChoice",""
"Scripts/Content/Story/Dialoge/DIA_MoleratCross.d:247","(лесную ягоду)","","","False","dia_cross_feed.dia_cross_feed_forestberry","Info_AddChoice",""
"Scripts/Content/Story/Dialoge/DIA_MoleratCross.d:250","(серафис)","","","False","dia_cross_feed.dia_cross_feed_blueplant","Info_AddChoice",""
"Scripts/Content/Story/Dialoge/DIA_MoleratCross.d:253","(репу)","","","False","dia_cross_feed.dia_cross_feed_beet","Info_AddChoice",""
"Scripts/Content/Story/Dialoge/DIA_MoleratCross.d:262","(яблоко)","","","False","dia_cross_feed.dia_cross_feed_apple","Info_AddChoice",""
"Scripts/Content/Story/Dialoge/DIA_MoleratCross.d:265","(мед)","","","False","dia_cross_feed.dia_cross_feed_honey","Info_AddChoice",""
"Scripts/Content/Story/Dialoge/DIA_MoleratCross.d:268","(хлеб)","","","False","dia_cross_feed.dia_cross_feed_bread","Info_AddChoice",""
"Scripts/Content/Story/Dialoge/DIA_MoleratCross.d:271","(сыр старого пастуха)","","","False","dia_cross_feed.dia_cross_feed_cheese_oldshepherd","Info_AddChoice",""
"Scripts/Content/Story/Dialoge/DIA_MoleratCross.d:274","(сыр)","","","False","dia_cross_feed.dia_cross_feed_cheese","Info_AddChoice",""
"Scripts/Content/Story/Dialoge/DIA_MoleratCross.d:277","(селедку)","","","False","dia_cross_feed.dia_cross_feed_smellyfish","Info_AddChoice",""
"Scripts/Content/Story/Dialoge/DIA_MoleratCross.d:280","(рыбу)","","","False","dia_cross_feed.dia_cross_feed_fish","Info_AddChoice",""
"Scripts/Content/Story/Dialoge/DIA_MoleratCross.d:283","(уху)","","","False","dia_cross_feed.dia_cross_feed_fishsoup","Info_AddChoice",""
"Scripts/Content/Story/Dialoge/DIA_MoleratCross.d:286","(колбасу)","","","False","dia_cross_feed.dia_cross_feed_sausage","Info_AddChoice",""
"Scripts/Content/Story/Dialoge/DIA_MoleratCross.d:289","(похлебку)","","","False","dia_cross_feed.dia_cross_feed_stew","Info_AddChoice",""
"Scripts/Content/Story/Dialoge/DIA_MoleratCross.d:292","(бекон)","","","False","dia_cross_feed.dia_cross_feed_bacon","Info_AddChoice",""
"Scripts/Content/Story/Dialoge/DIA_MoleratCross.d:295","(сырое мясо)","","","False","dia_cross_feed.dia_cross_feed_muttonraw","Info_AddChoice",""
"Scripts/Content/Story/Dialoge/DIA_MoleratCross.d:298","(жареное мясо)","","","False","dia_cross_feed.dia_cross_feed_mutton","Info_AddChoice",""
"Scripts/Content/Story/Dialoge/DIA_MoleratCross.d:323","Ножку гриба Крестик съел, а шляпку оставил.","","","False","dia_cross_feed_bottle_14_01","",""
"Scripts/Content/Story/Dialoge/DIA_MoleratCross.d:360","Идем со мной! (отвести в пещеру)","","","False","dia_cross_followmetocave.description","",""
"Scripts/Content/Story/Dialoge/DIA_MoleratCross.d:381","Она отказывается идти. Неужели уже скоро?","","","False","dia_cross_followmetocave_14_01","",""
"Scripts/Content/Story/Dialoge/DIA_MoleratCross.d:391","Поздравляю, малышка!","","","False","dia_cross_birth.description","",""
"Scripts/Content/Story/Dialoge/DIA_MoleratCross.d:401","Поздравляю, малышка!","","","False","dia_cross_birth_14_00","",""
"Scripts/Content/Story/Dialoge/DIA_MoleratCross.d:402","(сопит)","","","False","mol_warn03","",""
"Scripts/Content/Story/Dialoge/DIA_PC_BloodwinSnow.d:18","Далеко забрался. Грибами здесь и не пахнет, правда? Хочешь что-то спросить? (подмигивая) У тебя три вопроса.","","","False","dia_bloodwinsnow_hallo","",""
"Scripts/Content/Story/Dialoge/DIA_PC_BloodwinSnow.d:21","Далеко забралась. Грибами здесь и не пахнет, правда? Хочешь что-то спросить? (подмигивая) У тебя три вопроса.","","","False","dia_bloodwinsnow_hallo_f","",""
"Scripts/Content/Story/Dialoge/DIA_PC_BloodwinSnow.d:33","Ты кто?","","","False","dia_bloodwinsnow_whoau.description","",""
"Scripts/Content/Story/Dialoge/DIA_PC_BloodwinSnow.d:37","Я - основатель Snow Studio, почетный актер, звукорежиссер и просто хороший человек.","","","False","dia_bloodwinsnow_whoyou","",""
"Scripts/Content/Story/Dialoge/DIA_PC_BloodwinSnow.d:46","Когда следующий мод выйдет?","","","False","dia_bloodwinsnow_youlike.description","",""
"Scripts/Content/Story/Dialoge/DIA_PC_BloodwinSnow.d:56","...Сперва скажи, тебе понравилась озвучка в ЭТОМ моде?","","","False","dia_bloodwinsnow_youlike","",""
"Scripts/Content/Story/Dialoge/DIA_PC_BloodwinSnow.d:58","Нет, могла быть получше.","","","False","dia_bloodwinsnow_youlike.dia_bloodwinsnow_youlike_no","Info_AddChoice",""
"Scripts/Content/Story/Dialoge/DIA_PC_BloodwinSnow.d:59","Да, я в восторге!","","","False","dia_bloodwinsnow_youlike.dia_bloodwinsnow_youlike_yes","Info_AddChoice",""
"Scripts/Content/Story/Dialoge/DIA_PC_BloodwinSnow.d:63","Что ж, я рад это слышать. Когда следующий мод выйдет, ты об этом узнаешь. Не забывай заглядывать на Snow сайт в раздел Новости.","","","False","dia_bloodwinsnow_youlike_yes","",""
"Scripts/Content/Story/Dialoge/DIA_PC_BloodwinSnow.d:70","Вот значит как? Ты являешься сюда и заявляешь, что озвучка недостаточно хороша? Взять его, парни! Порубить на куски!","","","False","dia_bloodwinsnow_youlike_no","",""
"Scripts/Content/Story/Dialoge/DIA_PC_BloodwinSnow.d:73","Вот значит как? Ты являешься сюда и заявляешь, что наша озвучка недостаточно хороша? Взять ее, парни! Порубить на куски!","","","False","dia_bloodwinsnow_youlike_no_f","",""
"Scripts/Content/Story/Dialoge/DIA_PC_BloodwinSnow.d:90","Расскажи что-нибудь интересное из жизни студии.","","","False","dia_bloodwinsnow_inter.description","",""
"Scripts/Content/Story/Dialoge/DIA_PC_BloodwinSnow.d:96","Хмм... Первый мод, за который бралась Snow студия, озвучивали всего два человека. Я и Наемник из готики.","","","False","dia_bloodwinsnow_inter_1","",""
"Scripts/Content/Story/Dialoge/DIA_PC_BloodwinSnow.d:99","Хмм... Пасхальный мод, также озвученный нами, я ежегодно прохожу на Пасху. И каждый раз ставлю новый рекорд по сбору пасхальных яиц.","","","False","dia_bloodwinsnow_inter_2","",""
"Scripts/Content/Story/Dialoge/DIA_PC_BloodwinSnow.d:102","Хмм... А знаешь ли ты, что Грибники - крупнейший мод, когда-либо озвученный нами? В нем больше восьми с полтиной тысяч реплик.","","","False","dia_bloodwinsnow_inter_3","",""
"Scripts/Content/Story/Dialoge/DIA_PC_Dennis.d:19","Привет!","","","False","dia_dennis_hallo","",""
"Scripts/Content/Story/Dialoge/DIA_PC_FireDragon.d:18","Привет!","","","False","dia_firedragon_photo_1","",""
"Scripts/Content/Story/Dialoge/DIA_PC_FireDragon.d:19","Я наконец обработал твою фотографию, которую сделал недавно.","","","False","dia_firedragon_photo_2","",""
"Scripts/Content/Story/Dialoge/DIA_PC_FireDragon.d:21","Да-да, не удивляйся, что не видел, как я тебя снимал.","","","False","dia_firedragon_photo_3m","",""
"Scripts/Content/Story/Dialoge/DIA_PC_FireDragon.d:24","Да-да, не удивляйся, что не видела, как я тебя снимал.","","","False","dia_firedragon_photo_3f","",""
"Scripts/Content/Story/Dialoge/DIA_PC_FireDragon.d:26","У меня в арсенале много трюков, помогающих оставаться незаметным, хех-хе. ","","","False","dia_firedragon_photo_4","",""
"Scripts/Content/Story/Dialoge/DIA_PC_FireDragon.d:27","Вот, держи. Удачи!","","","False","dia_firedragon_photo_5","",""
"Scripts/Content/Story/Dialoge/DIA_PC_HelenDream.d:36","Привет! Ты новенький? Я тебя раньше здесь не видела.","","","False","dia_helendream_madperm_1","",""
"Scripts/Content/Story/Dialoge/DIA_PC_HelenDream.d:39","Я пройду с тобой немного?","","","False","dia_helendream_madperm_2","",""
"Scripts/Content/Story/Dialoge/DIA_PC_HelenDream.d:42","Скажи, а куда мы идем? Или это будет сюрприз? Ты знаешь, я люблю сюрпризы!","","","False","dia_helendream_madperm_3","",""
"Scripts/Content/Story/Dialoge/DIA_PC_HelenDream.d:45","Веришь кому-то и в результате попадаешь в неприятности. Так всегда и бывает.","","","False","dia_helendream_madperm_4","",""
"Scripts/Content/Story/Dialoge/DIA_PC_HelenDream.d:63","Не обращай на меня внимания.","","","False","dia_helendream_whenasked","",""
"Scripts/Content/Story/Dialoge/DIA_PC_Himera.d:19","Грыбы, грыбы! Давай, грыбы отсюда подобру-поздорову... Давай-давай, грыбы, давай, отсюда, давай. Давай, давай, быстрей давай. Иди грыбы, грыбы давай.","","","False","dia_himera_gryby","",""
"Scripts/Content/Story/Dialoge/DIA_PC_IdolKadar.d:35","Смертный! Запомни: чтобы найти грибы, ты должен действовать как гриб, ты должен думать как гриб, ты должен СТАТЬ грибом! Теперь ступай!","","","False","dia_idolkadar_hallo","",""
"Scripts/Content/Story/Dialoge/DIA_PC_Mushlord.d:20","Сколько грибов?","","","False","dia_mushlord_countmr.description","",""
"Scripts/Content/Story/Dialoge/DIA_PC_Mushlord.d:36","Дай грибов!","","","False","dia_mushlord_givemr.description","",""
"Scripts/Content/Story/Dialoge/DIA_PC_Mushlord.d:43","всех","","","False","dia_mushlord_givemr.dia_mushlord_givemr_all","Info_AddChoice",""
"Scripts/Content/Story/Dialoge/DIA_PC_Mushlord.d:83","Вырасти грибы!","","","False","dia_mushlord_spawnmr.description","",""
"Scripts/Content/Story/Dialoge/DIA_PC_Mushlord.d:90","как в начале","","","False","dia_mushlord_spawnmr.dia_mushlord_spawnmr_start","Info_AddChoice",""
"Scripts/Content/Story/Dialoge/DIA_PC_Mushlord.d:91","все","","","False","dia_mushlord_spawnmr.dia_mushlord_spawnmr_all","Info_AddChoice",""
"Scripts/Content/Story/Dialoge/DIA_PC_Mushlord.d:114","Покажи мою статистику.","","","False","dia_mushlord_showresult.description","",""
"Scripts/Content/Story/Dialoge/DIA_PC_Mushlord.d:130","Спрячь мою статистику.","","","False","dia_mushlord_hideresult.description","",""
"Scripts/Content/Story/Dialoge/DIA_PC_NastasSanna.d:19","О, вы нашли меня. А я думала, сюда никто не полезет...","","","False","dia_nastassanna_found1_19_00","",""
"Scripts/Content/Story/Dialoge/DIA_PC_NastasSanna.d:20","Придется перепрятаться.","","","False","dia_nastassanna_found1_19_01","",""
"Scripts/Content/Story/Dialoge/DIA_PC_NastasSanna.d:39","Хм, вы снова меня нашли. Где же на этом острове можно спокойно поработать?","","","False","dia_nastassanna_found2_19_00","",""
"Scripts/Content/Story/Dialoge/DIA_PC_NastasSanna.d:59","Похоже, от вас нигде не скроешься.","","","False","dia_nastassanna_found3_19_00","",""
"Scripts/Content/Story/Dialoge/DIA_PC_NastasSanna.d:60","А я, пока бегала, растеряла скрипты по всей локации.","","","False","dia_nastassanna_found3_19_01","",""
"Scripts/Content/Story/Dialoge/DIA_PC_NastasSanna.d:61","Помогите-ка найти! Не хватает 7 скриптов.","","","False","dia_nastassanna_found3_19_02","",""
"Scripts/Content/Story/Dialoge/DIA_PC_NastasSanna.d:62","Да, чтобы быстрее вернуться ко мне, используйте вот это.","","","False","dia_nastassanna_found3_19_03","",""
"Scripts/Content/Story/Dialoge/DIA_PC_NastasSanna.d:76","(отдать скрипты)","","","False","dia_nastassanna_scripts.description","",""
"Scripts/Content/Story/Dialoge/DIA_PC_NastasSanna.d:90","Чудно.","","","False","dia_nastassanna_scripts_19_00","",""
"Scripts/Content/Story/Dialoge/DIA_PC_NastasSanna.d:93","Замечательно.","","","False","dia_nastassanna_scripts_19_01","",""
"Scripts/Content/Story/Dialoge/DIA_PC_NastasSanna.d:96","Прелестно.","","","False","dia_nastassanna_scripts_19_02","",""
"Scripts/Content/Story/Dialoge/DIA_PC_NastasSanna.d:127","Наконец-то, все скрипты на месте!","","","False","dia_nastassanna_scripts_19_03","",""
"Scripts/Content/Story/Dialoge/DIA_PC_NastasSanna.d:128","А это вам.","","","False","dia_nastassanna_scripts_19_04","",""
"Scripts/Content/Story/Dialoge/DIA_PC_NastasSanna.d:130","","","","","xxx","",""
"Scripts/Content/Story/Dialoge/DIA_PC_NastasSanna.d:146","Сколько еще нужно найти скриптов?","","","False","dia_nastassanna_howmanyscripts.description","",""
"Scripts/Content/Story/Dialoge/DIA_PC_NastasSanna.d:156","Сколько еще нужно найти скриптов?","","","False","dia_nastassanna_howmanyscripts_03_00","",""
"Scripts/Content/Story/Dialoge/DIA_PC_NastasSanna.d:158","Сколько еще нужно найти скриптов?","","","False","dia_nastassanna_howmanyscripts_07_00","",""
"Scripts/Content/Story/Dialoge/DIA_PC_NastasSanna.d:160","Сколько еще нужно найти скриптов?","","","False","dia_nastassanna_howmanyscripts_10_00","",""
"Scripts/Content/Story/Dialoge/DIA_PC_NastasSanna.d:162","Сколько еще нужно найти скриптов?","","","False","dia_nastassanna_howmanyscripts_14_00","",""
"Scripts/Content/Story/Dialoge/DIA_PC_NastasSanna.d:164","Сколько еще нужно найти скриптов?","","","False","dia_nastassanna_howmanyscripts_16_00","",""
"Scripts/Content/Story/Dialoge/DIA_PC_NastasSanna.d:168","Семь.","","","False","dia_nastassanna_howmanyscripts_19_01","",""
"Scripts/Content/Story/Dialoge/DIA_PC_NastasSanna.d:171","Шесть.","","","False","dia_nastassanna_howmanyscripts_19_02","",""
"Scripts/Content/Story/Dialoge/DIA_PC_NastasSanna.d:174","Пять.","","","False","dia_nastassanna_howmanyscripts_19_03","",""
"Scripts/Content/Story/Dialoge/DIA_PC_NastasSanna.d:177","Четыре.","","","False","dia_nastassanna_howmanyscripts_19_04","",""
"Scripts/Content/Story/Dialoge/DIA_PC_NastasSanna.d:180","Три.","","","False","dia_nastassanna_howmanyscripts_19_05","",""
"Scripts/Content/Story/Dialoge/DIA_PC_NastasSanna.d:183","Два.","","","False","dia_nastassanna_howmanyscripts_19_06","",""
"Scripts/Content/Story/Dialoge/DIA_PC_NastasSanna.d:186","Всего один.","","","False","dia_nastassanna_howmanyscripts_19_07","",""
"Scripts/Content/Story/Dialoge/DIA_PC_NastasSanna.d:198","А что такое скрипт?","","","False","dia_nastassanna_whatisscript.description","",""
"Scripts/Content/Story/Dialoge/DIA_PC_NastasSanna.d:209","А что такое скрипт?","","","False","dia_nastassanna_whatisscript_03_00","",""
"Scripts/Content/Story/Dialoge/DIA_PC_NastasSanna.d:211","А что такое скрипт?","","","False","dia_nastassanna_whatisscript_07_00","",""
"Scripts/Content/Story/Dialoge/DIA_PC_NastasSanna.d:213","А что такое скрипт?","","","False","dia_nastassanna_whatisscript_10_00","",""
"Scripts/Content/Story/Dialoge/DIA_PC_NastasSanna.d:215","А что такое скрипт?","","","False","dia_nastassanna_whatisscript_14_00","",""
"Scripts/Content/Story/Dialoge/DIA_PC_NastasSanna.d:217","А что такое скрипт?","","","False","dia_nastassanna_whatisscript_16_00","",""
"Scripts/Content/Story/Dialoge/DIA_PC_NastasSanna.d:219","О, это моя страсть и гордость - особый вид магии, свитки на языке, неизвестном большинству людей и даже магов.","","","False","dia_nastassanna_whatisscript_19_01","",""
"Scripts/Content/Story/Dialoge/DIA_PC_NastasSanna.d:220","Он называется Дедалус. И лишь единицы постигли его диалекты - Икарус и ЛеГо.","","","False","dia_nastassanna_whatisscript_19_02","",""
"Scripts/Content/Story/Dialoge/DIA_PC_NastasSanna.d:221","Я изучала эти языки на просторах worldofplayers.ru, worldofplayers.de и magic-team.net.ru. ","","","False","dia_nastassanna_whatisscript_19_03","",""
"Scripts/Content/Story/Dialoge/DIA_PC_NastasSanna.d:222","Там, и в других далеких краях, можно встретить многих мастеров скриптописания, а также моделеров, вобберов, писателей, поэтов, художников, музыкантов и просто хороших людей.","","","False","dia_nastassanna_whatisscript_19_04","",""
"Scripts/Content/Story/Dialoge/DIA_PC_NastasSanna.d:223","И любой желающий, наделенный упорством и терпением, может присоединиться к их числу.","","","False","dia_nastassanna_whatisscript_19_05","",""
"Scripts/Content/Story/Dialoge/DIA_PC_NastasSanna.d:234","Чем ты занимаешься?","","","False","dia_nastassanna_whataudoing.description","",""
"Scripts/Content/Story/Dialoge/DIA_PC_NastasSanna.d:243","Чем ты занимаешься?","","","False","dia_nastassanna_whataudoing_03_00","",""
"Scripts/Content/Story/Dialoge/DIA_PC_NastasSanna.d:245","Чем ты занимаешься?","","","False","dia_nastassanna_whataudoing_07_00","",""
"Scripts/Content/Story/Dialoge/DIA_PC_NastasSanna.d:247","Чем ты занимаешься?","","","False","dia_nastassanna_whataudoing_10_00","",""
"Scripts/Content/Story/Dialoge/DIA_PC_NastasSanna.d:249","Чем ты занимаешься?","","","False","dia_nastassanna_whataudoing_14_00","",""
"Scripts/Content/Story/Dialoge/DIA_PC_NastasSanna.d:251","Чем ты занимаешься?","","","False","dia_nastassanna_whataudoing_16_00","",""
"Scripts/Content/Story/Dialoge/DIA_PC_NastasSanna.d:253","Сейчас - изучаю движение Солнца и Луны. Небесные светила на Хоринисе всегда удивляли меня.","","","False","dia_nastassanna_whataudoing_19_01","",""
"Scripts/Content/Story/Dialoge/DIA_PC_NastasSanna.d:255","Понятно.","","","False","dia_nastassanna_whataudoing.dia_nastassanna_whataudoing_clear","Info_AddChoice",""
"Scripts/Content/Story/Dialoge/DIA_PC_NastasSanna.d:256","А что с ними не так?","","","False","dia_nastassanna_whataudoing.dia_nastassanna_whataudoing_whatswrong","Info_AddChoice",""
"Scripts/Content/Story/Dialoge/DIA_PC_NastasSanna.d:262","Понятно.","","","False","dia_nastassanna_whataudoing_clear_03_00","",""
"Scripts/Content/Story/Dialoge/DIA_PC_NastasSanna.d:264","Понятно.","","","False","dia_nastassanna_whataudoing_clear_07_00","",""
"Scripts/Content/Story/Dialoge/DIA_PC_NastasSanna.d:266","Понятно.","","","False","dia_nastassanna_whataudoing_clear_10_00","",""
"Scripts/Content/Story/Dialoge/DIA_PC_NastasSanna.d:268","Понятно.","","","False","dia_nastassanna_whataudoing_clear_14_00","",""
"Scripts/Content/Story/Dialoge/DIA_PC_NastasSanna.d:270","Понятно.","","","False","dia_nastassanna_whataudoing_clear_16_00","",""
"Scripts/Content/Story/Dialoge/DIA_PC_NastasSanna.d:278","А что с ними не так?","","","False","dia_nastassanna_whataudoing_whatswrong_03_00","",""
"Scripts/Content/Story/Dialoge/DIA_PC_NastasSanna.d:280","А что с ними не так?","","","False","dia_nastassanna_whataudoing_whatswrong_07_00","",""
"Scripts/Content/Story/Dialoge/DIA_PC_NastasSanna.d:282","А что с ними не так?","","","False","dia_nastassanna_whataudoing_whatswrong_10_00","",""
"Scripts/Content/Story/Dialoge/DIA_PC_NastasSanna.d:284","А что с ними не так?","","","False","dia_nastassanna_whataudoing_whatswrong_14_00","",""
"Scripts/Content/Story/Dialoge/DIA_PC_NastasSanna.d:286","А что с ними не так?","","","False","dia_nastassanna_whataudoing_whatswrong_16_00","",""
"Scripts/Content/Story/Dialoge/DIA_PC_NastasSanna.d:288","Ну, во-первых, они движутся не так, как на материке. Встают по правую руку от зенита, а садятся по левую.","","","False","dia_nastassanna_whataudoing_whatswrong_19_01","",""
"Scripts/Content/Story/Dialoge/DIA_PC_NastasSanna.d:289","Такое движение светил наблюдается в южных широтах, и это не так уж удивительно.","","","False","dia_nastassanna_whataudoing_whatswrong_19_02","",""
"Scripts/Content/Story/Dialoge/DIA_PC_NastasSanna.d:290","Настоящая загадка связана с полуденным солнцем. Просто подними глаза к небу ровно в 12 часов, и все увидишь.","","","False","dia_nastassanna_whataudoing_whatswrong_19_03","",""
"Scripts/Content/Story/Dialoge/DIA_PC_NastasSanna.d:291","Наблюдать это чудо можно лишь на Хоринисе и некоторых близлежащих землях... Я даже не надеюсь понять причину, просто хочу описать его.","","","False","dia_nastassanna_whataudoing_whatswrong_19_04","",""
"Scripts/Content/Story/Dialoge/DIA_PC_NastasSanna.d:312","Вам, наверное, интересно, почему некоторые рамки пустые?","","","False","dia_nastassanna_emptyframes_19_00","",""
"Scripts/Content/Story/Dialoge/DIA_PC_NastasSanna.d:313","Просто не всем актерам охота было спокойно висеть на стенке, некоторые решили погулять по острову. ","","","False","dia_nastassanna_emptyframes_19_01","",""
"Scripts/Content/Story/Dialoge/DIA_PC_NastasSanna.d:314","Да и мне тут сидеть недосуг.","","","False","dia_nastassanna_emptyframes_19_02","",""
"Scripts/Content/Story/Dialoge/DIA_PC_Valerych.d:19","Найди кого-нибудь другого, кого ты сможешь доставать своими вопросами.","","","False","dia_mortis_mr_perm_13_00","",""
"Scripts/Content/Story/Events/EVT_LOST.d:25","БАГ","","","False","nobug.name","",""
